gkz_neu,gsrbetr,2012,2013,2014,2015,2016,2017,avg12_14,avg15_17,avg_diff,name
60101,Nein,13.053044469783352,11.922457276373516,12.14185065019241,12.033634662864186,11.909960643407146,11.838252644705832,12.372450798783092,11.927282650325722,-3.5980595574577223,Graz
60305,Nein,20.626269113149846,21.33020618556701,30.921662049861496,31.440256944444446,32.39494155154091,32.22939308398024,24.292712449526118,32.0215305266552,31.815377114381672,Frauental an der Laßnitz
60318,Nein,36.29277006638503,37.15567834681042,50.337575666766554,53.523059834123224,55.59789039481438,57.16474985285462,41.262008026654,55.42856669393074,34.33317801238751,Lannach
60323,Nein,29.403357314148682,23.99990226023213,44.34937003058104,47.437093596059114,47.835771358328216,47.5378007290401,32.58420986832062,47.603555227809146,46.09393758567335,Pölfing-Brunn
60324,Nein,28.969994093325457,29.490962787950384,45.179193835210434,49.165098379629626,52.84264239577217,51.92325128792215,34.54671690549542,51.310330687774645,48.52447724088247,Preding
60326,Nein,37.38440629470672,38.4251011863224,56.44122392211404,56.01997286295794,55.185413633355395,52.90360256410256,44.08357713438105,54.70299635347197,24.08928655385536,Sankt Josef (Weststeiermark)
60329,Nein,36.41408990420044,35.54611729769859,57.33381736526946,58.46780635400908,59.131074943224824,60.87673846153846,43.098008189056166,59.491873252924115,38.03856779634385,Sankt Peter im Sulmtal
60341,Nein,32.75614834092388,33.56665382145151,49.08830868167203,50.60183515775917,47.34081381011097,49.59987654320988,38.47037028134914,49.18084183702667,27.840833029023603,Wettmannstätten
60344,Ja,34.17972451058553,35.19605415002219,44.8617053241961,21.613769789206682,28.342721345229926,28.495829896907217,38.079161328267936,26.150773677114604,-31.325237308465447,Deutschlandsberg
60345,Ja,42.05669148302561,43.33868515205725,65.11556155345629,27.137330296127562,35.64959939301973,26.24275893536122,50.17031272951306,29.67656287483617,-40.84835979629301,Eibiswald
60346,Ja,25.874311028211704,26.868039961941005,42.943998581224875,26.577005208333333,33.236241067174845,33.014605670717174,31.895449857125858,30.94261731540845,-2.9873619779171467,Groß Sankt Florian
60347,Ja,32.76219504447268,35.60251439539347,50.658273636656986,32.896756313545424,39.58676767676767,40.6480551000328,39.67432769217438,37.71052636344863,-4.949803671438402,Sankt Martin im Sulmtal
60348,Ja,39.24985346972629,40.44003921568628,59.19165163472378,32.28802200902935,42.07525963149078,42.5975974208018,46.29384810671212,38.98695968710731,-15.783713643250552,Sankt Stefan ob Stainz
60349,Ja,39.98795316746812,41.33693712829226,58.74623365487674,24.3016478995236,32.17750164654226,32.03607383279044,46.69037465021237,29.50507445961877,-36.80694429920458,Schwanberg
60350,Ja,35.58898385005305,36.44415487977369,52.42093640402151,16.503559461042766,19.797815810920945,20.459024277456646,41.48469171128275,18.92013318314012,-54.3924941884181,Stainz
60351,Ja,41.64646473779385,42.43510323159785,58.07281053105311,35.46361516034985,41.704998868009966,41.0161742081448,47.384792833481605,39.39492941216821,-16.8616616081686,Wies
60608,Nein,23.734863636363638,23.40917605004468,33.06158181179775,31.88432534246575,32.10223141891892,32.093428850537286,26.73520716606869,32.02666187064065,19.792084167156453,Feldkirchen bei Graz
60611,Nein,25.562692101020957,25.967870864461048,35.29434817170111,36.038754235079494,37.08224947807933,36.33889229198571,28.941637045727703,36.486632001714845,26.069689644943274,Gössendorf
60613,Nein,19.96567298766742,19.17515363312673,21.8178627656783,21.11832627390579,22.00891273795835,22.511532061948035,20.31956312882415,21.879590357937392,7.677464418023239,Gratkorn
60617,Nein,25.740811113600717,25.736965992442766,31.43572025511326,29.720427501101803,28.344065979381444,27.542063941724,27.637832453718914,28.535519140735747,3.248035780374825,Hart bei Graz
60618,Nein,39.692798812175205,40.38212956068503,60.2395839524517,61.134168514412416,62.51523178807947,60.50530685920578,46.77150410843731,61.38490238723256,31.244234192073094,Haselsdorf-Tobelbad
60619,Nein,22.758426966292134,22.33143445435827,31.425067385444745,32.04046184738956,30.9814696485623,30.48611898016997,25.504976268698385,31.169350158707278,22.2088969240118,Hausmannstätten
60623,Nein,23.18373242113265,22.874972108590555,32.37925157465728,32.636544117647055,32.42560931247726,33.643627805937726,26.145985368126826,32.90192707868734,25.83930808282455,Kainbach bei Graz
60624,Nein,27.719197341513294,27.03515925680159,36.7354477124183,35.344447679120165,35.32480844409695,35.06140998487141,30.49660143691106,35.24355536936284,15.565517824246399,Kalsdorf bei Graz
60626,Nein,24.89174515235457,24.88402512288367,34.780250403877226,36.121756974248925,35.85725747246985,35.8536247723133,28.185340226371824,35.944213073010694,27.528043955911595,Kumberg
60628,Nein,21.700467532467535,22.709504195270785,32.72580152671756,32.32323791821561,32.19169977924945,32.45964692901802,25.711924418151963,32.324861542161024,25.71933946469016,Laßnitzhöhe
60629,Nein,21.88629961587708,25.931699305116865,34.9107468879668,31.401397451705716,28.81272397825649,28.33856719367589,27.57624860298692,29.51756287454603,7.0398055207147925,Lieboch
60632,Nein,28.581137218045114,28.627445323406235,40.7576026119403,40.314997728305315,40.72892223738062,41.08228828828828,32.65539505113055,40.70873608465808,24.661594266178444,Peggau
60639,Nein,36.39840695148443,37.173554913294794,55.29814285714285,56.40746918056562,56.836916967509026,56.580651558073654,42.95670157397402,56.60834590204943,31.780010633652722,Sankt Bartholomä
60641,Nein,39.2362171331637,39.63920875420875,58.6832,65.57763591433279,74.36507910074938,75.15320629660314,45.85287529579082,71.69864043722843,56.36672722203355,Sankt Oswald bei Plankenwarth
60642,Nein,31.140089197224974,31.233115727002968,43.81087633885102,44.20784294716432,43.72943992340833,43.66590673575129,35.39469375435965,43.86772986877465,23.93871853566005,Sankt Radegund bei Graz
60645,Nein,29.863000307408544,30.136764795144156,42.70035844471445,42.80966336038473,42.080926814637074,42.591780575539566,34.23337451575572,42.494123583520455,24.13068879307463,Semriach
60646,Nein,22.663994137046537,22.704998196898664,32.06571942446043,32.098093023255814,31.9671268001405,31.97119330076762,25.811570586135208,32.012137708054645,24.022432502616088,Stattegg
60647,Nein,63.22156862745098,64.7049504950495,83.62742698191934,84.53103448275863,84.36965517241379,86.2858635097493,70.51798203480661,85.06218438830724,20.624813606154866,Stiwoll
60648,Nein,28.058665472458575,27.39670231729055,38.2775,44.06562913907285,35.86020237571492,40.14310559006211,31.24428926324971,40.02297903494996,28.096941805061192,Thal
60651,Nein,42.97334358974359,42.92408656265727,48.085860000000004,56.308562058526746,59.755343968095715,59.8128557312253,44.661096717466954,58.62558725261592,31.267683871469853,Übelbach
60653,Nein,21.447809095215536,21.75657825567503,29.990702402957485,29.635242191036667,33.0152256905457,32.6666961130742,24.398363251282685,31.772387998218857,30.223440281587344,Vasoldsberg
60654,Nein,24.28628726287263,24.66171693735499,34.62234206471495,35.45827824750192,35.33288745737022,35.77174772036474,27.85678208831419,35.520971141745626,27.51282983488079,Weinitzen
60655,Nein,27.924931756141948,31.442286751361163,42.46067615658363,44.67006145741878,43.503210364514715,43.67555266579974,33.94263155469558,43.94960816257774,29.482029381713648,Werndorf
60656,Nein,34.92834541858932,34.287336814621405,50.86965562053281,54.07403236245955,55.08003886010363,52.956082603254075,40.028445951247846,54.03671794193908,34.99579276135884,Wundschuh
60659,Ja,29.59502828854314,30.254247286455875,42.83628375177641,26.512393730705295,33.188958930276975,33.43399482718081,34.22851977559181,31.045115829387694,-9.300442926176988,Deutschfeistritz
60660,Ja,34.710880024360534,37.375736316903534,52.349496574322316,35.98103710195735,44.73148997966889,40.20961975028377,41.47870430519546,40.30738227730333,-2.823911806100965,Dobl-Zwaring
60661,Ja,31.65180553384399,32.181540625000004,48.37057397560213,21.037372815834235,26.351178730597816,26.303807639628673,37.40130671148204,24.564119728686908,-34.3228301669315,Eggersdorf bei Graz
60662,Ja,35.69674545454545,36.19097794609044,52.046565723063424,25.88036225596529,34.46725300687285,32.91457780585386,41.31142970789977,31.087397689564,-24.74867631216521,Fernitz-Mellach
60663,Ja,41.451064048072695,41.73187638294734,53.846055430711615,30.678392057330544,41.61911409395973,41.711258939213344,45.67633195391054,38.00292169683454,-16.79953255620178,Frohnleiten
60664,Ja,28.278379971702563,28.790187719984356,39.12077355397705,21.27342014703582,30.650866781196314,29.103647978937587,32.063113748554656,27.00931163572324,-15.76204404994581,Gratwein-Straßengel
60665,Ja,29.64893424697478,31.52039264340972,43.81355474981871,21.76245039826213,30.389080148317174,30.432978514253616,34.99429388006774,27.528169686944306,-21.33526173927467,Hitzendorf
60666,Ja,56.10618279569893,52.44887476635514,75.31559924385634,37.2994754589734,41.39477307110439,40.901055389221554,61.29021893530347,39.86510130643311,-34.95682998209912,Nestelbach bei Graz
60667,Ja,33.773984884023974,37.19513429752066,53.15777446597119,36.81832961032514,47.58283929858275,45.856692642677054,41.37563121583861,43.41928718386165,4.939274418225015,Raaba-Grambach
60668,Ja,39.3128094302554,41.52144219977553,56.102724014336914,28.852530726256983,33.54146073585942,35.33024175824176,45.64565854812262,32.57474440678606,-28.635613017952956,Sankt Marein bei Graz
60669,Ja,33.53445898530109,32.759462243644265,41.53684027451349,26.478865314515375,36.09753256419799,35.209528549452536,35.94358716781961,32.595308809388634,-9.315370618958973,Seiersberg-Pirka
60670,Ja,33.02384481086324,31.717292098811992,44.197009396458256,30.934242796907938,38.628352066401526,36.95136838557465,36.31271543537783,35.504654416294706,-2.225283924362953,Premstätten
61001,Nein,36.22908837856646,38.19718508092892,55.25470175438596,56.90443571428572,56.52401685393258,55.7736551724138,43.22699173796045,56.40070258021069,30.475659564997095,Allerheiligen bei Wildon
61002,Nein,45.79477124183006,45.1622467771639,70.55300647548566,73.1833587059943,72.60279850746268,75.36195965417868,53.83667483149321,73.71603895587856,36.92531937867081,Arnfels
61007,Nein,40.26719909159728,41.93451367781155,64.1417962264151,62.062389984825494,61.32861194029851,60.79142439737035,48.78116966527464,61.39414210749811,25.856232084574525,Empersdorf
61008,Nein,44.10629496402878,44.184247787610616,67.6886323268206,69.50880758807588,66.35140664961637,64.56938271604939,51.99305835948667,66.80986565124721,28.497664417652135,Gabersdorf
61012,Nein,32.67070667957405,31.986753488372095,47.23053016453382,44.76907152376721,46.35278341420379,44.60069114470843,37.29599677749332,45.24084869422648,21.302157344478225,Gralla
61013,Nein,27.894130339057682,27.868532868959512,39.36631762652706,40.306946902654865,40.14507569011576,45.8331922398589,31.709660278181417,42.09507161087651,32.751569211358024,Großklein
61016,Nein,25.751330603889457,26.157575757575756,39.07021510755378,42.45539880358923,44.85973973973974,45.303826787512584,30.326373823006332,44.206321776947185,45.76857106275985,Heimschuh
61017,Nein,32.22445003594536,33.733094555873926,53.86005734767025,54.50474840538625,53.16270491803279,55.0938494018297,39.93920064649651,54.25376757508292,35.8408949024424,Hengsberg
61019,Nein,44.46043046357616,42.43914823914824,64.05380212591987,70.66736589271417,74.06087301587301,77.81957585644372,50.31779360954809,74.18260492167697,47.42817520440801,Kitzeck im Sausal
61020,Nein,40.483179571663925,41.37853618421053,62.596450040617384,68.45929936305733,71.45057767369244,70.99383720930233,48.15272193216395,70.30123808201738,45.996394930811114,Lang
61021,Nein,27.87839419709855,28.00705536501715,46.33155818540433,44.483058766859344,42.67084918793503,42.49156925908881,34.07233591584001,43.2151590712944,26.833567202546725,Lebring-Sankt Margarethen
61024,Nein,28.203101462117857,28.749833633093523,41.46214025500911,45.56939311594203,48.099484396200815,49.23509468822171,32.80502511674016,47.63465740012151,45.20536786851566,Oberhaag
61027,Nein,36.50681379310345,35.43295833333333,48.94355165428764,54.636848940533156,54.564300482425914,55.22887517146776,40.29444126024148,54.81000819814228,36.02374541975175,Ragnitz
61030,Nein,29.221224137931035,29.89944604731679,44.479721432632175,45.4533524684271,47.03352430555555,47.51974463145677,34.53346387262667,46.66887380181314,35.14101560719989,Sankt Andrä-Höch
61032,Nein,29.376447047340164,29.85931640625,42.84327933235149,43.87218119153126,44.91081054201889,45.21203389830508,34.02634759531389,44.66500854395175,31.26595036048776,Sankt Johann im Saggautal
61033,Nein,30.308972850678735,30.207208053691275,42.21569356300998,41.62549525101764,44.597318511796736,43.62511814534106,34.24395815579333,43.28264396938514,26.39497972889171,Sankt Nikolai im Sausal
61043,Nein,28.736688825577712,29.233286472977195,46.001739130434785,44.970512500000005,43.66643814272359,42.55173444239063,34.65723814299656,43.72956169503808,26.177283702206445,Tillmitsch
61045,Nein,30.549576492537316,32.52366430700447,49.94306302985625,50.52714545785545,51.68735283495847,53.69271047585846,37.672101276466016,51.969069589557456,37.951077398549145,Wagna
61049,Ja,55.93996478873239,57.524930638129206,80.16725326991677,40.60977087378641,42.928156190476194,43.69679969004262,64.54404956559279,42.41157558476841,-34.29049483226535,Ehrenhausen an der Weinstraße
61050,Ja,39.3589809699202,39.620339496817216,53.698386897404205,30.93524265842349,39.304645280690934,40.127679337829555,44.22590245471387,36.789189092314665,-16.81528911708291,Gamlitz
61051,Ja,42.42633670268386,42.95388096066829,65.04370735138939,32.60934298834334,41.08655563430191,40.75923856095005,50.14130833824718,38.151712394531764,-23.9116136795535,Gleinstätten
61052,Ja,37.6409696969697,37.26354515050168,53.41164940828403,30.06884148584038,34.594641044234955,34.85523671846766,42.77205475191847,33.172906416181,-22.442570017768237,Heiligenkreuz am Waasen
61053,Ja,25.505938242280283,25.928287598944593,36.87295209474987,26.983517626827172,35.93164484726418,36.9950197109067,29.43572597865825,33.30339406166602,13.139367059646979,Leibnitz
61054,Ja,51.523841303205465,52.50543187188239,74.90228024140644,28.180100582318687,36.63563521349499,35.56942436412316,59.64385113883143,33.461720053312284,-43.89745226976656,Leutschach an der Weinstraße
61056,Ja,42.11390480936955,42.410702407545294,63.073110781404544,26.96001716948737,33.13313667649951,33.03996038623421,49.199239332773125,31.044371410740364,-36.900708564287186,Sankt Veit in der Südsteiermark
61057,Ja,83.97670951156813,86.10395996518712,116.3467144719687,46.86808823529412,43.95956502827316,43.655101162290144,95.47579464957465,44.82758480861914,-53.04822026027636,Schwarzautal
61058,Ja,38.72105822354441,39.98492623476587,57.873378321383385,25.751952479338843,26.887765089722677,27.358954302181967,45.52645425989789,26.66622395708116,-41.426969460764305,Straß in Steiermark
61099,Ja,37.27236921226699,35.86578655058541,50.09447352677236,40.79167882125316,44.84809628008753,44.355807398708166,41.07754309654158,43.331860833349616,5.487956598353194,St. Georgen an der Stiefing / Wildon**
61101,Nein,22.70673885880883,23.82315789473684,33.2406924778761,30.673568129330253,29.776103472384058,30.75172636103152,26.590196410473926,30.400465987581942,14.329602979567113,Eisenerz
61105,Nein,45.329205175600734,46.969143932267166,72.31252371916509,74.69597868217055,76.18009813542689,78.92535211267607,54.870290942344326,76.60047631009117,39.6028251254948,Kalwang
61106,Nein,32.43588270858525,33.12424682395644,49.723240121580545,50.89472839506173,51.58006777572397,52.1724412855377,38.42778988470741,51.5490791521078,34.14531334424231,Kammern im Liesingtal
61107,Nein,38.74316770186335,39.97415300546448,60.31902897415818,61.969928684627575,63.224363057324844,72.00700078308536,46.345449893828665,65.7337641750126,41.83434258508658,Kraubath an der Mur
61108,Nein,17.23445638458094,17.745454508112548,19.73130793754598,21.815808868191944,22.865587376725838,23.59595986353602,18.237072943413157,22.759118702817933,24.795896652033967,Leoben
61109,Nein,33.5,35.00685492801772,49.46316427783903,46.072355903749305,45.81701842546064,46.36593042517946,39.32333973528558,46.08510158479646,17.19528884125634,Mautern in Steiermark
61110,Nein,28.085349567949727,28.18849027237354,40.518140625,41.945618153364634,43.91611987381703,44.690232192050374,32.26399348844109,43.517323406410675,34.878912066484304,Niklasdorf
61111,Nein,33.69193282636249,34.408770019218444,52.28938191281718,51.964662813102116,59.119638870650036,62.01758327890268,40.13002825279937,57.70062832088494,43.7841706898372,Proleb
61112,Nein,62.88760305343511,68.29165354330708,92.55711974110032,94.63852459016394,101.19898132427844,105.86830122591944,74.57879211261417,100.5686023801206,34.84879485345076,Radmer
61113,Nein,29.233706840390877,30.39108796296296,33.06554276315789,41.20233032430625,45.45365397242284,44.682644762524404,30.896779188837243,43.779543019751166,41.69613846212281,Sankt Michael in Obersteiermark
61114,Nein,25.95958454507686,25.73424055829228,36.838648201736255,37.72314285714286,38.16883474576271,38.38471458773785,29.510824435035133,38.092230730214474,29.07884296513088,Sankt Peter-Freienstein
61115,Nein,30.610015212981743,32.05562913907285,46.74594930160372,43.252942097026605,43.02436363636363,42.65873761085029,36.470531217886105,42.97868111474684,17.844955035009114,Sankt Stefan ob Leoben
61116,Nein,37.79786589762077,38.74992753623189,57.40983137829912,57.393092485549126,57.63273381294964,58.79460592913955,44.65254160405059,57.94014407587944,29.757774125501246,Traboch
61118,Nein,53.27505692599621,53.79167772511848,81.62011928429423,79.32225933202358,79.27396153846153,80.84143689320388,62.89561797846964,79.81255258789633,26.896841390790826,Vordernberg
61119,Nein,65.66487341772151,68.13935483870968,90.15979933110367,90.37003322259136,93.13807432432432,95.59784615384615,74.65467586251162,93.03531790025393,24.62088519625101,Wald am Schoberpaß
61120,Ja,23.47382948615902,17.46435409252669,26.503300268096513,25.994213954318347,26.508981918589118,27.157955667235033,22.480494615594072,26.5537171800475,18.1189187965106,Trofaiach
61203,Nein,26.79332684824903,27.76351953125,38.946581931951506,41.88738401559454,44.13115648854962,42.050410654827964,31.16780943715018,42.68965038632405,36.967118181364775,Aigen im Ennstal
61204,Nein,28.386544738323018,28.063323991031393,42.285375342465755,37.71654814004377,42.47640388768899,41.91141032464076,32.911748023940056,40.70145411745784,23.668466615178097,Altaussee
61205,Nein,49.401111111111106,50.54846878680801,68.20267605633803,69.41724056603773,70.67054761904762,72.30799516908212,56.05075198475239,70.79859445138915,26.311587167730856,Altenmarkt bei Sankt Gallen
61206,Nein,42.93350210970464,42.56898839137645,64.60100250626566,66.21007556675063,65.71090909090908,65.5515892420538,50.03449766911558,65.8241912999045,31.557613979075285,Ardning
61207,Nein,24.954778779188857,25.920253242742433,28.109972797656415,27.922490027293723,27.07095577447076,27.027594831179655,26.328334939862568,27.340346877648045,3.8438129114395148,Bad Aussee
61213,Nein,22.661802816901407,23.476288659793816,32.61617909382804,34.571466714133145,35.52782150386507,34.72851122625216,26.251423523507754,34.94259981475012,33.10744761501998,Gröbming
61215,Nein,32.28864625302175,36.20044426494346,55.535077932731745,54.3102953240361,64.2986345053148,66.12803839732888,41.34138948356565,61.57898940889326,48.95239414575705,Grundlsee
61217,Nein,24.625146198830407,24.492972522897585,35.74664446294754,36.148987077949144,35.62793986184478,35.81742092457421,28.288254394891847,35.864782621456044,26.78330066181931,Haus
61222,Nein,16.725108303249097,31.35372738238842,46.288602279544094,46.52796449704142,45.029648009232545,46.08328679464805,31.455812655060537,45.880299766974,45.85634861858476,Lassing
61236,Nein,33.60114285714286,32.78342397137746,39.86493130874909,38.833927667269435,38.88247921937116,38.74374333451831,35.41649937908981,38.820050073719635,9.61007088306225,Ramsau am Dachstein
61243,Nein,29.263842482100237,30.113510253317248,46.324753199268734,46.04465328467153,47.51538461538461,48.97116104868914,35.234035311562074,47.51039964958176,34.842345560093094,Selzthal
61247,Nein,24.511204081632652,25.367726465364118,39.08130032806442,38.90763657957245,39.12155020551967,39.679437407952875,29.653410291687067,39.23620806434833,32.3160057423401,Trieben
61251,Nein,86.294030418250955,86.09438596491228,155.89732,118.38662674650698,115.38131249999999,125.72179487179488,109.42857879438775,119.82991137276728,9.505133570201307,Wildalpen
61252,Nein,43.7418550474547,44.00913969335605,66.87005150214593,68.98138447971782,71.02817857142857,73.04586858685869,51.54034874765222,71.01847721266836,37.791999740598214,Wörschach
61253,Ja,38.22009768740032,39.41242326980943,52.26348837209302,21.53477540427231,26.271893385982235,26.530560507031094,43.29866977643426,24.77907643242855,-42.77173742202396,Admont
61254,Ja,65.38482930890923,65.59549214226635,88.60568464730291,55.82849382716049,62.976377952755904,61.04992307692307,73.1953353661595,59.95159828561316,-18.093690006739603,Aich
61255,Ja,37.10022181146026,38.25387957790193,52.12965743589744,22.475539495114006,27.687158492095662,27.458445165213867,42.49458627508654,25.87371438414118,-39.11291613324811,Bad Mitterndorf
61256,Ja,61.28671761280931,62.22142333088774,95.43736610418196,48.768473053892215,59.23150684931507,60.90978260869566,72.98183568262634,56.30325417063431,-22.85305837540401,Gaishorn am See
61257,Ja,35.82263928914505,36.0948823246878,51.55792912246866,30.04081113801453,36.752474377745244,36.93105429754078,41.158483578767175,34.574779937766856,-15.995982039524703,Irdning-Donnersbachtal
61258,Ja,56.22199601461308,58.45930201342282,84.41084607543323,28.777267037552154,35.685308729595455,33.810965867828614,66.36404803448971,32.75784721165874,-50.63916656404936,Landl
61259,Ja,25.27424623115578,25.52795681272888,35.6481145076422,30.509531793343267,35.664712643678165,36.150211465591006,28.81677251717562,34.10815196753748,18.362151581021237,Liezen
61260,Ja,71.4289156626506,73.23490162532079,93.90434412265759,58.084768558951964,67.38545454545454,66.82436115843271,79.52272047020965,64.09819475427973,-19.396375808984256,Michaelerberg-Pruggern
61261,Ja,48.67899844317592,49.612606438213916,71.65060590367686,36.62331954498449,42.65263702171665,42.96871101871102,56.64740359502224,40.74822252847072,-28.06691932469898,Mitterberg-Sankt Martin
61262,Ja,44.39829076620825,46.26753050268424,65.96098777506113,37.77291646070193,45.560756972111555,46.32873449131513,52.20893634798454,43.2208026413762,-17.215699716041645,Öblarn
61263,Ja,34.53094031531531,36.05334024114544,45.2053965549877,31.59268753578927,42.489835375191426,42.52415238095238,38.59655903714948,38.86889176397769,0.7055880980635809,Rottenmann
61264,Ja,45.376222684703436,48.43530398322851,71.21792442788717,39.41588870880605,47.229799022270505,47.94112134344529,55.00981703193971,44.86226969150729,-18.446793477863366,Sankt Gallen
61265,Ja,38.069932695183965,37.62516448850833,45.558539544637505,20.837254318046455,30.65153936891772,30.831104988830976,40.41787890944327,27.43996622526505,-32.10933634903351,Schladming
61266,Ja,82.31162939297124,82.26398076923077,112.32066152858062,46.22743523316063,51.599868334430546,53.273632168754126,92.29875723026088,50.36697857878176,-45.43049105945215,Sölk
61267,Ja,44.52582115518442,47.90456195462478,64.69672401685393,27.207663877266388,33.81276056338028,34.15538165266106,52.375702375554376,31.72526869776924,-39.42750691859634,Stainach-Pürgg
61410,Nein,55.068229613733905,55.70699346405228,86.1375442477876,73.22910734463277,67.65954648526078,69.05311852704259,65.6375891085246,69.98059078564538,6.61663802114989,Mühlen
61413,Nein,69.27311036789298,69.48421052631579,100.01053484602917,96.4,102.81304713804714,92.79848739495799,79.58928524674597,97.33717817766838,22.299349561815585,Niederwölz
61425,Nein,30.688408982322024,31.30637142857143,47.074638875424135,50.59926689027312,57.116791907514454,56.00785403576607,36.35647309543919,54.57463761118455,50.10982354619753,St. Peter am Kammersberg
61428,Nein,49.91466469428008,52.01555555555556,79.27874617737002,68.98647474747474,59.918287461773694,60.90929969104017,60.40298880906855,63.27135396676287,4.748713953147421,Schöder
61437,Ja,84.90973404255318,82.40160452729693,112.79241471571906,47.308624229979465,51.52919667590028,51.93515235457064,93.36791776185639,50.257657753483464,-46.17245520921831,Krakau
61438,Ja,67.02398393574298,63.21303272146848,87.34547631719,36.92465034965035,52.52877202493901,52.27956785026149,72.52749765813383,47.244330074950284,-34.86011292207885,Murau
61439,Ja,57.493212982523524,59.426622015142684,85.39603706624607,39.59478595383705,57.8123076923077,59.62861918026263,67.4386240213041,52.34523760880246,-22.380922848801877,Neumarkt in der Steiermark
61440,Ja,57.509388674388674,58.83034337544542,83.3756510331256,51.12472231459927,50.879214642262895,51.7621610738255,66.57179436098657,51.25536601022922,-23.007383979623242,Oberwölz
61441,Ja,70.47128630705394,73.17052456286427,107.90366554054054,66.57112781954888,68.53928571428571,69.46352739726026,83.84849213681959,68.19131364369828,-18.673178365059616,Ranten
61442,Ja,52.256524554776036,52.80438692098092,76.44957860615884,39.07052486187845,44.125772853185595,45.04337792642141,60.50349669397193,42.74655854716182,-29.348614736475664,Sankt Georgen am Kreischberg
61443,Ja,49.27690168818272,50.83456839979808,72.40227412731006,33.09430432516936,38.81095088819227,41.57858276044421,57.50458140509695,37.827945991268614,-34.217509167164,Sankt Lambrecht
61444,Ja,43.9,44.658730305838745,62.896861848124416,35.56364640883978,42.99406998158379,43.43328470588235,50.485197384654384,40.663667032101976,-19.454277414666077,Scheifling
61445,Ja,51.56234180638182,54.74147777777778,77.07094972067038,40.84001746216531,47.25583625730994,48.685687203791474,61.12492310161,45.59384697442224,-25.408745466018722,Stadl-Predlitz
61446,Ja,51.478977332630464,53.90177173913044,75.88203583061889,40.10424878836833,53.8122329059829,52.10169544740973,60.420928300793264,48.67272571392032,-19.4439293093726,Teufenbach-Katsch
61611,Nein,24.31785069729286,25.075032414910858,37.332914097821615,36.51340504757964,36.70365803534731,36.45606183889341,28.908599070008446,36.55770830727346,26.4596330619171,Krottendorf-Gaisfeld
61612,Nein,28.7165120593692,29.504752970606628,41.683691923916435,42.3627571251549,41.66684964928332,42.38150537634408,33.301652317964084,42.1370373835941,26.5313714204622,Ligist
61615,Nein,24.781276595744682,24.914240687679083,37.381334283000946,39.39812157221206,37.42190777576853,42.476845211075805,29.02561718880824,39.7656248530188,37.00182357656021,Mooskirchen
61618,Nein,32.433749264273104,32.42808788598575,47.45336099585062,50.29722023809524,48.277743055555554,50.235786953919806,37.43839938203649,49.60358341585687,32.493867885968996,Rosental an der Kainach
61621,Nein,50.966425120772946,52.56597307221542,71.3482120838471,72.07407407407408,72.66051660516605,76.03805874840359,58.29353675894515,73.5908831425479,26.241925321601567,Sankt Martin am Wöllmißberg
61624,Nein,28.97917062361507,29.736760293648263,40.25835143769968,42.86660166240409,43.60518255250404,43.38712687759668,32.99142745165434,43.2863036975016,31.20470086034739,Stallhofen
61625,Nein,23.22445844615705,24.382553881565183,27.370940744625067,24.363222422379994,23.348453499419403,23.283977671451357,24.99265102411577,23.665217864416917,-5.311293941639061,Voitsberg
61626,Ja,27.562548634660008,27.281875666074605,38.337526381684846,28.449529390871955,34.76123047217834,34.57349066572737,31.06065022747315,32.594750176259225,4.939046470537711,Bärnbach
61627,Ja,46.75490988530857,48.60213214880622,70.60897593732513,44.33731528482797,50.07142048670062,51.19475484606614,55.322005990479965,48.53449687253158,-12.269094362045385,Edelschrott
61628,Ja,50.02463151587777,50.528534063260345,70.44019018404909,46.293475572047,52.070610446821895,54.034392282958194,56.99778525439573,50.799492767275694,-10.874619881203218,Geistthal-Södingberg
61629,Ja,79.2154968094804,81.30581180811808,110.73411433926898,73.41657769304099,75.76236242884251,75.6526518804243,90.41847431895583,74.94386400076927,-17.114434229003994,Hirschegg-Pack
61630,Ja,71.48010053222946,72.77035460992909,101.58439257929383,48.758177486599166,48.89697619047619,49.30669702489375,81.94494924048412,48.98728356732304,-40.21927645160912,Kainach bei Voitsberg
61631,Ja,20.49120172515193,20.84903827184849,26.835992830113526,20.4906707619142,28.344814741430554,28.75903190319032,22.725410942371315,25.86483913551169,13.814615722908407,Köflach
61632,Ja,48.99295841854124,51.696778662971944,69.29647038685381,30.211607937050974,32.06160967184801,31.656421484775915,56.662069156122335,31.309879697891635,-44.742787963456145,Maria Lankowitz
61633,Ja,26.542952066954097,26.834050632911392,41.333765385581515,26.463447764880218,33.24547748639287,32.85340420391399,31.570256028482333,30.85410981839569,-2.2684206597518464,Söding-Sankt Johann
61701,Nein,25.78139839034205,25.218241482965933,50.02772,47.59719859929965,46.66021696252466,46.859164619164616,33.67578662443599,47.03886006032965,39.681548006356216,Albersdorf-Prebuch
61708,Nein,35.51774936061381,37.17967320261438,56.18899082568807,57.51498338870432,58.25506976744186,58.52705570291777,42.96213779630543,58.099036286354654,35.23311284419124,Fischbach
61710,Nein,40.83780183180683,41.19488448844884,67.39546732837056,63.72759336099585,64.85849999999999,65.70502512562814,49.809384549542074,64.763706162208,30.023100562087567,Floing
61711,Nein,44.4596463022508,45.377443609022556,60.68301486199576,62.99096398305085,63.92597826086957,65.19745098039216,50.17336825775637,64.03813107477086,27.63370947269643,Gasen
61716,Nein,23.025028842891075,23.79749915626055,32.434010731052986,35.58886615229789,38.74809155166611,38.92702228224173,26.418846243401536,37.75465999540191,42.90805755694818,Markt Hartmannsdorf
61719,Nein,30.653131115459882,23.87962962962963,42.629806329711855,42.543540401681454,47.11800460829493,50.474780244676026,32.38752235826712,46.71210841821747,44.22871839807132,Hofstätten an der Raab
61727,Nein,31.523184494602553,34.14908565928778,48.139636948529414,53.24697611536728,42.220627802690586,44.71757522895769,37.93730236747325,46.728393049005184,23.172682644586917,Ludersdorf-Wilfersdorf
61728,Nein,55.930188679245276,56.65192462987886,75.98167115902964,79.71000000000001,82.21549295774648,84.2948424068768,62.85459482271793,82.0734451215411,30.576683141511207,Miesenbach bei Birkfeld
61729,Nein,29.569377713458756,29.881256645722573,45.22843615494978,39.69339749759384,44.536140858658946,44.71321359223301,34.89302350471037,42.980917316161936,23.179114330289387,Mitterdorf an der Raab
61730,Nein,32.79855577689243,32.93795798729849,46.64542322834646,44.785324363286875,44.63293950850662,45.028700991969764,37.460645664179125,44.81565495458776,19.633962949660756,Mortantsch
61731,Nein,36.81544011544011,37.06215253029223,56.365035971223016,54.36037350246652,57.64002869440459,59.426529108327195,43.41420953898512,57.1423104350661,31.621215822790493,Naas
61740,Nein,27.873212583412773,28.483636363636364,40.60904076738609,46.377277992277996,48.953965183752416,48.70997613365155,32.32196323814508,48.01373976989399,48.54833976554402,Puch bei Weiz
61741,Nein,41.38919831223628,42.27603725656223,64.4774385072095,65.17474576271186,66.12591333899745,67.16763698630137,49.38089135866934,66.15609869600355,33.971050087959064,Ratten
61743,Nein,55.91636842105263,57.47998673740054,76.31957276368492,74.69386215864759,77.41771883289124,78.59033377837116,63.23864264071269,76.90063825663667,21.603872324622706,Rettenegg
61744,Nein,61.697805596465386,63.23666169895679,84.78313609467456,85.10271260997068,85.70614035087719,91.27944358578053,69.9058677966989,87.36276551554279,24.972006312277315,St. Kathrein am Hauenstein
61745,Nein,42.72317073170731,44.34120781527531,67.09278169014084,68.78908765652952,71.99833487511563,72.50628465804067,51.38572007904116,71.09790239656193,38.36120674615366,Sankt Kathrein am Offenegg
61746,Nein,23.15705491698595,23.366045442941026,35.04298684876075,35.53880922536977,35.955719640179915,34.229899287644315,27.18869573622924,35.241476051064666,29.618119210128224,St. Margarethen an der Raab
61748,Nein,21.371297577854673,22.062199902008818,32.15378583680471,31.95543541364296,31.43886674669868,31.704432793136316,25.195761105556063,31.699578317825985,25.813140492254185,Sinabelkirchen
61750,Nein,30.597101449275364,30.629391041771513,44.6514607893388,42.233400725764646,40.742592592592594,40.0877874297394,35.29265109346189,41.02126024936555,16.231733741772956,Strallegg
61751,Nein,26.874927843803057,27.20181623014169,37.9062531752752,37.91588804713805,38.379600665557405,38.02377450980392,30.660999083073317,38.10642107416646,24.28303778008154,Thannhausen
61756,Ja,43.83077658303465,46.02162460946888,66.53129423170141,35.37807292924415,35.92373166626593,34.59853781512605,52.12789847473497,35.30011413687871,-32.28172404842341,Anger
61757,Ja,44.388901098901094,45.85805868635833,67.03510799766491,26.087866770853683,33.37027450980392,33.49746534653465,52.42735592764145,30.985202209064084,-40.89878907525135,Birkfeld
61758,Ja,69.68723185265439,71.42003255561585,101.15558823529412,37.64317582417583,44.486084303937886,44.619246954595795,80.75428421452145,42.24950236090317,-47.681410625015786,Fladnitz an der Teichalm
61759,Ja,57.70642857142857,58.41670616113744,84.55574063057705,40.19877151335311,53.50611442193087,53.32765196662694,66.89295845438102,49.010845967303645,-26.732428794089635,Gersdorf an der Feistritz
61760,Ja,35.628500654516166,36.984377802132116,58.7236614681633,27.57480249075696,36.6506429391504,30.395074696545286,43.778846641603856,31.540173375484216,-27.95567769592404,Gleisdorf
61761,Ja,53.74232505643341,55.638355225585386,79.98440455840456,47.56147008547009,45.205272206303725,45.01600456621004,63.12169494680779,45.92758228599462,-27.239624467154332,Gutenberg-Stenzengreith
61762,Ja,45.88634913186297,45.170618892508145,64.93023277467411,43.00515632291181,47.11394412878788,50.976679316888045,51.99573359968175,47.03192658952924,-9.546565970910525,Ilztal
61763,Ja,45.054966735489785,46.35049872419392,65.98096848934198,27.424040920716113,34.23452070730573,35.56228884741017,52.462144649675224,32.406950158477336,-38.22793487593733,Passail
61764,Ja,39.23799443671766,37.63375925418152,52.14230160894464,31.53926170798898,35.59625550660793,35.06057142857143,43.00468509994794,34.06536288105611,-20.78685659042915,Pischelsdorf am Kulm
61765,Ja,33.771953290870485,33.55504255760847,48.75741830728638,21.848677802374723,26.042251863475872,24.903498098859316,38.69480471858844,24.2648092549033,-37.291816223466235,Sankt Ruprecht an der Raab
61766,Ja,21.065864881638444,21.686507711398686,30.113912581843923,23.701208024036763,32.325776397515526,31.89854535974974,24.288761724960352,29.308509927100676,20.666958072966636,Weiz
62007,Nein,23.480005074210325,23.758722489248672,29.328204274926406,33.80001544401544,34.38239571225623,35.97464290343487,25.522310612795135,34.71901801990219,36.03399216721568,Fohnsdorf
62008,Nein,34.10431263084438,35.83100346020761,54.389924294562974,54.67325630252101,56.0105376344086,58.29371757925072,41.441746795204985,56.32583717206011,35.91569257543288,Gaal
62010,Nein,74.13275109170306,78.37777777777778,109.76129032258065,111.00415704387991,112.47912037037038,118.43526570048309,87.42393973068715,113.97284770491113,30.368006813704483,Hohentauern
62014,Nein,29.245280043501904,33.3478038147139,45.164131147540985,43.09144643828167,50.62539400665927,45.50959651035987,35.919071668585595,46.408812318433604,29.20381892559383,Kobenz
62021,Nein,87.70617283950617,88.9782786885246,118.95752577319588,108.25466527196653,104.73502109704641,107.72025862068965,98.54732576707555,106.90331499656753,8.479163858024963,Pusterwald
62026,Nein,55.671483578708944,57.66627450980393,87.1056,73.68824137931034,68.59341950646298,69.85102016607355,66.81445269617096,70.71089368394895,5.831733750026347,Sankt Georgen ob Judenburg
62032,Nein,46.3258431018936,47.93345759552656,72.87806902985074,71.65929602888086,70.84332737030411,72.8356036036036,55.71245657575696,71.77940900092953,28.83906654398729,Sankt Peter ob Judenburg
62034,Nein,40.15198575949367,47.63584050039093,67.65860700389105,66.48006139677668,64.7548127925117,65.42825645035184,51.81547775459188,65.55437687988007,26.515048631527183,Seckau
62036,Nein,36.21107064821559,36.80698181818182,55.392282842785356,56.29738751814224,57.828424153166424,58.41086637298091,42.803445103060916,57.51222601476319,34.36354451443544,Unzmarkt-Frauenburg
62038,Nein,29.73450928381963,29.46999721448468,35.46376009858962,36.121199345067545,38.13706358849736,38.93830710277816,31.55608886563131,37.73219001211436,19.571820743633506,Zeltweg
62039,Ja,48.8919347826087,49.58611681990265,71.606338028169,35.418801996672215,43.354539473684206,43.958724212812164,56.69479654356012,40.9106885610562,-27.84048791916305,Lobmingtal
62040,Ja,29.01984300341297,29.652993643031785,36.565517207376,28.03047756155679,37.2283364394311,38.780468051276955,31.74611795127358,34.67976068408828,9.24094951489025,Judenburg
62041,Ja,25.296587965887554,25.85610547184774,29.907576731479995,20.562505180934163,28.59941900852542,29.460088481592667,27.020090056405095,26.207337557017414,-3.0079562935987236,Knittelfeld
62042,Ja,45.49970856563609,47.380102432778486,69.47802889576884,28.397958709677418,38.557354855506375,39.53797018048653,54.11927996472781,35.49776124855677,-34.408289852170235,Obdach
62043,Ja,39.032382775119615,41.3269243260799,54.26298595230317,41.57280603872662,55.495656765676564,56.033970686209194,44.874097684500896,51.034144496870795,13.727399836938714,Pöls-Oberkurzheim
62044,Ja,59.156083421703784,61.51899244332493,87.80327312138728,28.63854227405248,31.833084380610412,33.060922509225094,69.492782995472,31.17751638796266,-55.13560539085891,Pölstal
62045,Ja,46.96116407425991,48.4106659989985,63.93316617502458,42.649067127344516,45.73899217221135,45.977676470588236,53.101665416094335,44.78857859004804,-15.655039744811317,Sankt Marein-Feistritz
62046,Ja,49.328309497616424,49.89597119645495,70.64597421731123,29.839412199630313,33.068463219227965,33.528684971098265,56.62341830379421,32.14552012998552,-43.22928376114743,Sankt Margarethen bei Knittelfeld
62047,Ja,24.115731225296443,24.771779359430603,35.41222285174693,26.154492726242207,31.16141132075472,31.335736346516008,28.09991114549133,29.550546797837644,5.16242078074709,Spielberg
62048,Ja,39.70128363563883,44.04717509570824,59.847168429617575,24.003587958222404,31.725441812564366,31.471653767820776,47.86520905365489,29.06689451286918,-39.27344079854239,Weißkirchen in Steiermark
62105,Nein,30.861331853496118,31.136066032456633,47.01022146507666,49.9930760434534,55.05609671848014,56.06716279069768,36.335873117009804,53.7054451842104,47.80282012562793,Breitenau am Hochlantsch
62115,Nein,25.968364938080498,26.7024922420481,34.07505963832243,36.29700759789597,44.801852135606204,44.08764261428032,28.91530560615034,41.7288341159275,44.31399994282508,Krieglach
62116,Nein,24.529064298223666,25.35316414141414,34.901902699949055,35.984816793893124,36.48956178343949,37.38078335056877,28.261377046528953,36.61838730930046,29.57042839424524,Langenwang
62125,Nein,29.26261596322608,29.858953341740225,43.46944989339019,46.04523647209203,44.82018827556696,44.203683767872164,34.197006399452164,45.02303617184372,31.657828892779904,Pernegg an der Mur
62128,Nein,25.36538175579068,26.77966533180778,37.31329167850043,41.02850042601534,43.284158944116825,42.67180759634045,29.81944625536629,42.32815565549087,41.94816125357632,Sankt Lorenzen im Mürztal
62131,Nein,33.45266129032258,35.03389626818469,53.55285986049461,48.69564971751413,49.31427345537758,56.06702580645161,40.67980580633396,51.358982993114445,26.251789985481455,Spital am Semmering
62132,Nein,32.70300520833333,33.36858129649309,47.54260096930533,43.39934559221201,45.140686648501365,44.734319300164024,37.87139582471059,44.42478384695914,17.30432132098112,Stanz im Mürztal
62135,Nein,34.39489769820972,34.25451984635083,51.27608779857973,51.08308586184635,51.92860892388451,52.04340480831709,39.97516844771343,51.68503319801599,29.292846547022755,Turnau
62138,Ja,46.721553945249596,47.23903054989817,71.57811042944785,41.413323723229,39.52031391986782,40.336794396374124,55.17956497486521,40.42347734649031,-26.74194266500004,Aflenz
62139,Ja,23.61543599257885,23.958386168988877,28.13761602034329,19.681740698557327,27.136300421622302,26.230721135646686,25.237146060637006,24.349587418608774,-3.5168740549969657,Bruck an der Mur
62140,Ja,19.999210863986313,20.755533584970404,23.871480525069938,14.83472917026048,22.367677201196514,21.983085985046078,21.54207499134222,19.72849745216769,-8.41876903642479,Kapfenberg
62141,Ja,29.286726183343315,29.588009902185725,40.83957782360791,23.900448539216875,32.367592615384616,32.4559840098401,33.238104636378985,29.574675054813866,-11.021776426913066,Kindberg
62142,Ja,46.019431900946834,47.113654460555416,71.89048286214661,27.592089326267978,33.99695652173913,34.463301595470924,55.00785640788295,32.01744914782601,-41.79477034986275,Mariazell
62143,Ja,24.769808973789427,24.65371566861774,31.187152257771725,19.25251446726427,24.75875705563875,25.006397811918063,26.870225633392963,23.005889778273694,-14.38147899404636,Mürzzuschlag
62144,Ja,59.88494593651902,60.92827960756832,87.94787522281639,29.839495527728086,39.035010997067445,41.234087089381205,69.58703358896791,36.70286453805891,-47.25617310424099,Neuberg an der Mürz
62145,Ja,31.40935400886094,32.15442480440453,40.94476733977174,22.331486387049303,29.805689014419503,29.277726382401685,34.8361820510124,27.138300594623498,-22.097374061016506,Sankt Barbara im Mürztal
62146,Ja,36.46693024990675,37.21389264264264,51.3957100591716,30.316650449101797,35.275773542600895,32.78810491318803,41.69217765057366,32.79350963496358,-21.3437352449918,Sankt Marein im Mürztal
62147,Ja,64.94080082135524,66.4664158004158,97.40780694326841,50.755935098206656,63.8066438941076,63.38601038511467,76.27167452167983,59.31619645914298,-22.230373423514315,Thörl
62148,Ja,52.59699899295065,56.04220528455284,78.69759221311476,35.033555439875066,42.03391442155309,42.46518282988871,62.44559883020609,39.84421756377228,-36.19371371213611,Tragöß-Sankt Katharein
62202,Nein,30.653597033374535,31.706138364779875,47.84832601880878,48.44295226130653,47.83941031941032,48.327155172413796,36.736020472321066,48.20317258437689,31.21500904186343,Bad Blumau
62205,Ja,44.830748613678374,24.988030726256984,40.02597402597402,42.23279316712834,46.5670653173873,47.5055816091954,36.61491778863646,45.43514669790369,24.089167590605953,Buch-St. Magdalena
62206,Nein,50.97497477295661,50.92058252427184,72.36928705440901,72.78822368421052,73.2839552238806,75.70230256898192,58.08828145054582,73.92482715902435,27.26289246818425,Burgau
62209,Nein,41.87131214343928,42.02534846029173,62.7847030105777,63.24220257234727,63.08757016840417,64.6832140015911,48.893787871436245,63.67099558078085,30.22307813049896,Ebersdorf
62211,Nein,24.641765163297045,25.25957845433255,35.01931061192874,35.879322429906544,35.70706697459585,36.27078416149068,28.306884743186107,35.95239118866436,27.009353077323837,Friedberg
62214,Nein,28.625490417136415,28.908411161731205,43.56240044868199,42.64108768035516,42.17733734281028,44.214261111111114,33.69876734251654,43.01089537809219,27.63343816385493,Greinbach
62216,Nein,36.709086102719034,37.91055429005315,60.60881712062257,61.57432536622976,65.63057142857143,66.36547770700636,45.076152504464915,64.52345816726918,43.14322448189862,Großsteinbach
62219,Nein,21.42269807280514,22.864251357641585,30.69511552178632,29.43814922629079,29.182880318334863,28.391851851851854,24.994021650744347,29.004293798825838,16.04492547905776,Hartberg
62220,Nein,27.6013006993007,27.734409195402296,38.388207547169806,39.27507900677201,39.423985733392776,39.655216228265715,31.2413058139576,39.451426989476836,26.27969914065251,Hartberg Umgebung
62226,Nein,35.900966113914926,36.216961483594865,54.037732394366195,54.33233124565066,67.00957872928177,62.18759510869565,42.05188666395866,61.1765016945427,45.47861355998359,Lafnitz
62232,Nein,33.11022651565623,33.618230206254154,50.372065573770485,50.43786597267404,50.240435339308576,50.70673508659397,39.033507431893625,50.46167879952552,29.27784900593926,Ottendorf an der Rittschein
62233,Nein,28.911914341336796,28.348075435203093,41.93827255278311,41.37625782227784,41.7156,42.443783018867926,33.06608744310767,41.84521361371526,26.55024180200527,Pinggau
62235,Nein,28.696754051477598,29.490379326695116,41.818772919605074,42.31051063829787,43.33800477326969,44.26093281778637,33.33530209925926,43.303149409784645,29.901775843653986,Pöllauberg
62242,Nein,46.40280373831776,47.195577100646354,72.75455648926237,73.28707981220657,76.08230476190477,70.67467432950191,55.45097910940883,73.34801963453775,32.275427436216695,Sankt Jakob im Walde
62244,Nein,31.199768960321446,32.20758415841584,43.424708761625055,40.74687588485135,43.370208432022736,42.80340643957069,35.61068729345411,42.30683025214826,18.803745357436608,Sankt Johann in der Haide
62245,Nein,31.99187898089172,32.31318905155951,50.99693798449612,50.94007848266841,52.45749500333111,52.878874833555265,38.43400200564912,52.092149439851596,35.53662569980345,Sankt Lorenzen am Wechsel
62247,Nein,34.7278954607978,35.52246726395589,55.30854506742371,54.78975643702157,55.37323529411764,56.90055674518201,41.852969264059134,55.68784949210707,33.05591089788824,Schäffern
62252,Nein,34.15473537604456,38.38382768361582,53.8610835694051,54.41048489107519,55.45145070422535,58.927117688513036,42.133215543021834,56.26301776127119,33.536016741522026,Söchau
62256,Nein,25.691544434857637,26.39564649542882,38.60213345039509,40.08309877622378,40.156264418811006,39.345202578268875,30.229774793560512,39.861521924434555,31.861789234783778,Stubenberg
62262,Nein,36.521281690140846,38.28506007067138,55.70912798874824,55.39545644599303,55.95492600422833,57.01572344975053,43.50515658318682,56.122035299990635,29.000881062636587,Wenigzell
62266,Ja,76.67724468528553,78.41205980066445,108.73018302828618,45.701308683007895,46.10847450657894,44.98383928571428,87.93982917141204,45.597874158433704,-48.14878015107982,Feistritztal
62267,Ja,27.663654797827398,27.935233236151603,41.701515114726234,21.47584800190295,25.546632749645056,25.12558191690274,32.43346771623508,24.049354222816913,-25.850191434267657,Fürstenfeld
62268,Ja,32.52855969677827,33.57048655569782,46.380387917329095,36.47724936548223,45.84743918053777,47.485097599999996,37.493144723268394,43.26992871534,15.407573930405771,Grafendorf bei Hartberg
62269,Ja,44.424926686217006,45.395529411764706,66.33513138324244,36.65705216535433,42.09423076923077,41.74900662251655,52.05186249374139,40.16676318570055,-22.833187399336342,Großwilfersdorf
62270,Ja,59.224303086997196,60.46105238757533,82.50269104547586,35.69960588793922,42.257885525070954,41.95588758782202,67.39601550668279,39.971126333610734,-40.69215215008175,Hartl
62271,Ja,28.955190839694655,29.905238484600712,43.152664500406175,31.419373819163294,40.30667383705297,36.47412365591398,34.00436460823385,36.06672377071008,6.0649836755863,Ilz
62272,Ja,49.57937768240343,50.57703304597701,70.8287153024911,41.78558009113214,42.975603628750875,41.694857819905216,56.99504201029052,42.15201384659608,-26.042665537494504,Kaindorf
62273,Ja,49.217210048102615,49.684008461131675,65.89902631578947,38.21885638297872,45.342532258064516,44.30612664907652,54.933414941674584,42.62250509670658,-22.410603560763665,Loipersdorf bei Fürstenfeld
62275,Ja,41.84967279830701,42.768037049073776,64.92116600790514,21.92826611570248,27.7111123986095,31.559445269935612,49.84629195176198,27.0662745947492,-45.70052548554225,Pöllau
62276,Ja,55.91286992429456,56.36382252559727,81.42213225371121,45.43615857826384,53.33346911065852,54.56735537190083,64.56627490120103,51.11232768694106,-20.837422067243505,Rohr bei Hartberg
62278,Ja,49.54600914570775,51.31969351832677,72.2827242524917,34.13468698175788,33.61815728927003,34.26478991596638,57.71614230550875,34.005878062331426,-41.080819500499224,Vorau
62279,Ja,56.07313627878033,58.57482561826252,79.83335902376365,53.81601552393273,58.77857792207792,58.83575718015666,64.82710697360217,57.143450208722435,-11.85253688400525,Waldbach-Mönichwald
62298,Ja,55.63705086580086,56.87413727618014,80.1710637149028,49.71281975175392,56.491592592592596,56.70139363660269,64.22741728562794,54.30193532698306,-15.453652627046988,Bad Waltersdorf / Neudau**
62299,Ja,43.04967634854772,43.84112923462986,67.33534019319615,35.52607559991506,41.87614559225752,42.78916631130064,51.40871525879124,40.06379583449108,-22.06808586285397,Dechantskirchen / Rohrbach an der Lafnitz**
62311,Nein,35.256958393113344,36.57754578754579,56.9742600896861,56.42421129860601,58.34350824587707,57.97946776611694,42.93625475678175,57.5823957702,34.111361357396696,Edelsbach bei Feldbach
62314,Nein,37.81096905537459,44.93797590361446,58.30987107171636,62.68074044585987,60.211215170278635,61.85092862624712,47.01960534356848,61.580961414128545,30.96869053698219,Eichkögl
62326,Nein,28.518591391839017,29.535278873239438,44.78470319634703,50.05127524523947,52.692288184438034,53.20188819167142,34.27952448714183,51.98181720711631,51.64101015057712,Halbenrain
62330,Nein,30.383291291291293,30.790345649582836,46.480071813285456,48.03087141986594,49.11371115173675,49.99272948328267,35.88456958471986,49.04577068496178,36.67649146291039,Jagerberg
62332,Nein,31.602126865671643,32.07413003095975,48.49948685857321,49.47388679245283,50.179917981072556,51.06797717184527,37.3919145850682,50.24059398179022,34.36218642265756,Kapfenstein
62335,Nein,44.29993458708095,43.819764419171406,66.72350819672131,67.63039669421488,68.69337180544105,70.54550124275062,51.61440240099122,68.95642324746885,33.599189450548764,Klöch
62343,Nein,40.87570561456753,42.729675425038636,61.545665634674926,67.56923493044822,70.39168469860896,71.28399071925755,48.383682224760356,69.74830344943824,44.156666550162925,Mettersdorf am Saßbach
62347,Nein,32.83678078078078,32.8645422116528,48.597910447761194,51.02621148036254,52.014622356495465,51.03882850241546,38.09974448006492,51.359887446424494,34.80375825958026,Murfeld
62368,Nein,39.21669961977186,39.94660319878142,66.24435681470138,69.78644133644133,68.55423887587821,66.778672985782,48.46921987775155,68.373117732700507,41.06502622726407,Tieschen
62372,Nein,39.194272076372314,40.427692307692304,62.51588571428572,62.37323600973236,62.86768982229402,62.96292134831461,47.37928336611679,62.734615726780326,32.40938078781681,Unterlamm
62375,Ja,37.21959410987351,37.99516135119834,54.27346153846154,30.858964474678764,34.5965204236006,35.5924287856072,43.162738999844464,33.682637894628854,-21.963622617299084,Bad Gleichenberg
62376,Ja,34.23645035691109,34.407689307767306,53.847790469973894,36.64908150064683,44.83832369942197,44.040253164556965,40.830643378217424,41.842552788208586,2.478308756043268,Bad Radkersburg
62377,Ja,52.59122294372294,52.54589989350373,74.76049783549783,40.761109280615045,47.30373259052924,47.89994478188846,59.96587355757483,45.321595551010915,-24.42102005318667,Deutsch Goritz
62378,Ja,36.66010783510784,38.22652085314495,55.105178522758244,25.49499931777869,27.138240429818673,27.746591653027824,43.33060240367035,26.793277133541725,-38.16546355867837,Fehring
62379,Ja,28.70913817112796,29.16279574041207,44.82819847563323,19.294488176964148,23.467684218433114,23.42906887755102,34.23337746239108,22.06374709098276,-35.54902049842417,Feldbach
62380,Ja,59.52398520424574,61.20901248581158,86.04875841681721,27.93506408149852,35.90161822985469,35.63849481822668,68.92725203562485,33.15839237652663,-51.893639457164475,Gnas*
62381,Ja,30.191603427172584,32.1683147113594,47.96196721311475,31.986771897245433,39.0237163814181,39.4821472392638,36.77396178388224,36.83087850597578,0.1547745179810489,Kirchbach-Zerlach
62382,Ja,40.93126330402591,43.98614321897306,60.319334997730365,23.586357466063347,29.704083484573506,29.607917228969857,48.412247173576446,27.632786059868902,-42.92190990268479,Kirchberg an der Raab*
62383,Ja,41.47597245179063,43.000216907675195,62.18923506420994,29.960019558535905,37.36731707317073,37.18712759977515,48.88847480789192,34.83815474382726,-28.739534459349827,Mureck
62384,Ja,31.152217252396166,30.431194847020933,45.49461193072483,41.502783906554185,46.157867360208066,46.810771986970686,35.69267467671398,44.82380775124431,25.582652903531255,Paldau*
62385,Ja,47.929063329541144,50.43590251332825,70.22902467232073,35.240212191358026,36.09639007367196,36.52484320557491,56.197996838396705,35.9538151568683,-36.02295957228279,Pirching am Traubenberg
62386,Ja,40.23882657120127,42.797872554950594,59.30863783346807,30.312409663012584,39.52014539579968,40.227615165103956,47.44844565320665,36.686723407972075,-22.680874151052986,Riegersburg
62387,Ja,38.726555462885734,40.40136593591905,58.02334742180896,32.608612399831294,38.632193466270685,38.92974119643615,45.71708960687125,36.72351568751271,-19.672236349023432,Sankt Anna am Aigen
62388,Ja,46.58234385061172,47.46236601307189,66.05177127834374,43.129396551724135,50.66360612109115,53.85103284795124,53.36549371400912,49.214678506922176,-7.778088270543448,Sankt Peter am Ottersbach
62389,Ja,32.73595749938225,34.19958488690032,47.675602589641436,27.88361430715358,34.236148851148855,35.019389813414016,38.20371499197467,32.379717657238814,-15.244583768775588,Sankt Stefan im Rosental
62390,Ja,48.995934640522876,49.62368027755537,72.2606285559469,32.19231982594506,40.429017563117455,41.23214700193424,56.96008115800837,37.951161463665585,-33.372353599026084,Straden
