gsrbetr,gkz_neu,2012,2013,2014,2015,2016,2017,avg12_14,avg15_17,avg_diff,mehrweniger,name
Ja,60344,657.7253414828594,642.9536635596982,659.34340186259,714.8573646461996,687.0817759094028,701.2328256013745,653.3408023017158,701.0573220523256,7.303465447512969,mehr,Deutschlandsberg
Ja,60345,338.1068820726623,343.5822286821705,399.1906312790523,411.29374639331814,430.58158118361155,422.2042707224335,360.29324734462836,421.3598660997877,16.949143289590385,mehr,Eibiswald
Ja,60346,297.82719748193057,307.29613225499526,341.8736131473162,367.24052083333333,378.49702000952834,367.2393423874196,315.66564762808065,370.99229441009373,17.526977419855115,mehr,Groß Sankt Florian
Ja,60347,253.17003176620076,262.6532821497121,278.3427557276541,314.26564119383403,284.6763440860215,322.92456543128895,264.7220232145223,307.28885023704817,16.07982082700805,mehr,Sankt Martin im Sulmtal
Ja,60348,348.35666298037046,397.51622408963584,413.4925084554678,412.0085355530474,424.4100111669458,416.2449593495935,386.45513184182465,417.55450202319554,8.047343046824862,mehr,Sankt Stefan ob Stainz
Ja,60349,311.9944365461008,318.6211894647409,352.3395262593784,355.64783456041573,414.8166717892426,449.1314093376764,327.65171742340664,406.53197189577827,24.07442118499228,mehr,Schwanberg
Ja,60350,441.1387080042438,480.4570650636492,480.7313818096797,483.54235735207965,519.1767633018977,513.9811791907515,467.442384959191,505.56676661490957,8.155953093352242,mehr,Stainz
Ja,60351,527.695386528029,527.3348271992818,566.958598109811,529.3883112805562,553.1284853973285,565.0613868778281,540.6629372790405,549.1927278519042,1.5776540215223678,mehr,Wies
Ja,60659,330.97497878359263,349.6812576687116,431.8006537186168,343.92754927570644,372.1550668576886,341.39964730778274,370.81896339030703,352.4940878137259,-4.941730975417569,weniger,Deutschfeistritz
Ja,60660,317.36951887941535,343.55171152101605,349.07653559725946,378.6385860356412,401.1986232936393,385.7548950056754,336.66592199923025,388.53070144498525,15.40541410837346,mehr,Dobl-Zwaring
Ja,60661,294.77287165858996,324.211925,368.73668282765095,335.4992268439771,341.01378208083605,386.27657586364325,329.2404931620803,354.2631949294855,7.600128868439904,mehr,Eggersdorf bei Graz
Ja,60662,412.18844545454544,448.788970817554,551.4427232828616,474.0011757049891,478.87345575601375,478.876405559065,470.806713184987,477.250345673356,1.3686364930478812,mehr,Fernitz-Mellach
Ja,60663,582.5974629928184,613.4334887151498,638.5376599250936,616.7159495371753,620.4298627889634,613.8975506555423,611.5228705443539,617.014454327227,0.8980177271186607,mehr,Frohnleiten
Ja,60664,294.44365665775825,303.7491396167384,327.3475825462493,332.8591952135148,382.3064618147743,378.0207247947963,308.5134596069153,364.39546060769516,18.11331054145271,mehr,Gratwein-Straßengel
Ja,60665,261.04852748214023,286.315823967304,303.3530036258158,267.5477074583635,278.1616329150028,283.3860595421991,283.5724516917533,276.36513330518846,-2.5416144422940268,weniger,Hitzendorf
Ja,60666,406.29786482334873,417.43344672897194,436.41449149338376,429.0726414387411,501.83904311649013,724.3872155688623,420.04860101523485,551.7663000413645,31.3577282980529,mehr,Nestelbach bei Graz
Ja,60667,605.4399322387281,654.914527376033,669.8135146547442,680.7319756763465,637.3091784770597,732.9112514325005,643.3893247565019,683.650801861969,6.257716060288154,mehr,Raaba-Grambach
Ja,60668,324.295899522874,368.605645342312,414.78449131513645,420.84317877094975,393.57733662822625,433.23682142857143,369.22867872677415,415.8857789425825,12.636369519479862,mehr,Sankt Marein bei Graz
Ja,60669,485.8082389758179,543.5355249976373,559.3162103976686,588.5866389382186,617.2441979903238,575.4136765903538,529.5533247903746,593.7481711729654,12.122451767818188,mehr,Seiersberg-Pirka
Ja,60670,495.7978079534433,527.3151008862908,572.1201445608963,537.8803179901616,578.0494898841431,546.2003808560836,531.7443511335434,554.0433962434628,4.193565020932244,mehr,Premstätten
Ja,61049,453.1474843505477,486.4842211652794,592.207055093143,559.2537864077669,543.9430476190477,538.8758969391708,510.61292020299,547.3575769886618,7.196186256130033,mehr,Ehrenhausen an der Weinstraße
Ja,61050,401.14559545733584,398.7981145801758,434.9000061804697,444.1060030911901,453.9323380629241,454.4666278356836,411.61457207266045,450.83498966326596,9.528432726060565,mehr,Gamlitz
Ja,61051,462.6609236667828,418.66396797772364,470.14872669715095,482.33854468385726,507.6662579730687,532.5380509954593,450.49120611388577,507.5142845507951,12.657978149853989,mehr,Gleinstätten
Ja,61052,318.7669356060606,372.93424749163876,372.30317677514796,369.82787054063994,378.1456018854242,387.10802312974346,354.6681199576158,378.3604985186025,6.680154552322914,mehr,Heiligenkreuz am Waasen
Ja,61053,584.3604442684965,603.9109692172383,634.1287829238112,630.0301513327602,627.9592279288352,643.7351371550592,607.4667321365154,633.9081721388849,4.352738776224441,mehr,Leibnitz
Ja,61054,355.0228612716763,371.5168836965083,371.8393964838625,421.11494970884064,439.1243041644702,420.82234002677376,366.12638048401567,427.02053130002815,16.632003062852508,mehr,Leutschach an der Weinstraße
Ja,61056,246.02112633939697,308.5680888557955,310.2021266073195,331.19076281579595,329.45759095378565,339.1440554592721,288.2637806008374,333.26413640961795,15.610825513696124,mehr,Sankt Veit in der Südsteiermark
Ja,61057,346.1934532990574,396.92986510008706,438.19861364624074,412.93206747404844,423.33164419312743,429.9807748600947,393.77397734846176,422.0814955090902,7.188773202140353,mehr,Schwarzautal
Ja,61058,396.69622396940076,420.6159397049391,439.0635934204977,400.54746074380165,394.76351957585644,440.30656648826675,418.7919190316125,411.8725156026416,-1.652229452032139,weniger,Straß in Steiermark
Ja,61099,472.2331840048106,532.4593050135095,524.0607119353874,480.667431165352,494.29956090444927,577.8616984732824,509.5844003179025,517.6095635143612,1.5748447541667598,mehr,St. Georgen an der Stiefing / Wildon**
Ja,61120,522.7349969045724,582.1097704626335,552.8524030384272,541.4797278729479,585.03606840652,576.8876720811272,552.5657234685443,567.8011561201984,2.7572163825180462,mehr,Trofaiach
Ja,61253,446.0774840510367,465.17821464393177,487.08438652766637,500.8229746456379,499.63570977295166,535.3653535353535,466.11336174087825,511.9413459846476,9.831939610700546,mehr,Admont
Ja,61254,306.0707577019151,317.20428453267164,350.17783402489624,319.84697942386833,287.2004803149606,338.16233846153847,324.48429208649435,315.0699327334558,-2.901329766227656,weniger,Aich
Ja,61255,453.10068597247897,484.5128636457687,466.34857641025644,459.91624592833875,496.6469152817187,499.5070829110075,467.98737534283464,485.35674804035494,3.71150454321465,mehr,Bad Mitterndorf
Ja,61256,334.1134570596798,343.6853191489362,404.3107703595011,376.579498502994,395.13622526636226,344.11329968944096,360.7031821893723,371.943007819599,3.1160871833744164,mehr,Gaishorn am See
Ja,61257,394.27675072046105,391.52398895292987,426.6001470588235,436.25138740920096,462.8042581747194,456.42010469929386,404.1336289107382,451.82525009440474,11.800953390642066,mehr,Irdning-Donnersbachtal
Ja,61258,444.17220192627036,479.52058724832216,497.34826707441385,538.3363212795549,563.6304151880767,501.79904502541757,473.6803520830021,534.5885938310164,12.858511331570167,mehr,Landl
Ja,61259,671.0437688442211,696.229083217578,694.107599599098,705.6546361152508,710.6435298479793,711.181790734629,687.126817220299,709.159985565953,3.206565046433041,mehr,Liezen
Ja,61260,252.62371772805508,297.0643028229256,270.1789522998297,308.5613886462882,296.39751515151517,307.4224531516184,273.28899095027015,304.12711898314063,11.284072558371738,mehr,Michaelerberg-Pruggern
Ja,61261,226.8244680851064,236.06121495327105,252.2637700673226,257.2138728024819,279.8071716649431,277.75173076923073,238.38315103523337,271.5909250788852,13.93041995604114,mehr,Mitterberg-Sankt Martin
Ja,61262,313.08065815324164,332.31123474865785,344.6331882640587,384.4920909540287,441.6927490039841,367.0358213399504,330.00836038865276,397.74022043265444,20.524286101186483,mehr,Öblarn
Ja,61263,343.62959834834834,334.10306330067823,354.3240393715692,360.9760450467646,413.7820865237366,417.9195066666667,344.01890034019857,397.5592127457226,15.563189217969796,mehr,Rottenmann
Ja,61264,587.3237460978148,653.6089937106918,644.0730548163917,708.0276553214478,716.6433460076045,846.4584832069339,628.3352648749661,757.0431615119954,20.483952410762928,mehr,Sankt Gallen
Ja,61265,710.2246619802572,799.5058690100647,764.7976692630318,783.6656640857652,796.0899601887348,825.5288145941921,758.1760667511179,801.7614796228974,5.748719167376071,mehr,Schladming
Ja,61266,354.02864536741214,376.88155128205125,393.5347976878613,405.9672215025907,418.6448255431205,427.17808174027687,374.8149981124416,417.26337626199603,11.325154639841895,mehr,Sölk
Ja,61267,519.4057828810021,502.98957068062833,571.5341608146067,530.7114853556485,632.6146725352113,639.0371148459384,531.3098381254123,600.7877575789327,13.076723687002477,mehr,Stainach-Pürgg
Ja,61437,317.6332446808511,326.2607789613848,388.0219933110368,524.1228610540726,566.1179778393351,510.42215373961216,343.9720056510909,533.5543308776734,55.11562630445162,mehr,Krakau
Ja,61438,1383.7047416331995,1413.850279329609,1468.654145822246,1513.2607154384077,1552.832220113852,1574.6227085053674,1422.0697222616848,1546.9052146858758,8.778436842439085,mehr,Murau
Ja,61439,417.0374611100442,430.4801242477189,464.51255520504736,507.840621424344,498.2197554240631,534.3436510147234,437.3433801876035,513.4680092877102,17.406146416907497,mehr,Neumarkt in der Steiermark
Ja,61440,652.7306692406693,689.2196404275995,776.1066874385044,948.2623545061523,919.3981697171381,926.1385033557048,706.0189990355912,931.2663425263318,31.90386431504313,mehr,Oberwölz
Ja,61441,360.6915518672199,398.4004579517069,369.09352195945945,391.12182121971597,448.5263010204082,404.44941780821915,376.0618439261288,414.69918001611444,10.274197373125492,mehr,Ranten
Ja,61442,254.4783486238532,333.512,344.4117287952458,397.18133701657456,458.882432132964,476.15611482720175,310.800692473033,444.0732946589134,42.880407094795636,mehr,Sankt Georgen am Kreischberg
Ja,61443,288.5107050645481,329.5331903079253,350.42974845995894,373.73970818134444,386.66847962382445,398.70665785298786,322.8245479441441,386.3716152193856,19.68470727518421,mehr,Sankt Lambrecht
Ja,61444,696.9624061196105,658.2556533827618,652.1233485818847,681.8290561694291,676.0135220994475,689.5634541176471,669.1138026947524,682.4686774621746,1.9959048391525513,mehr,Scheifling
Ja,61445,411.396446727961,442.91785,527.5302011173185,517.5139930151339,556.435730994152,508.8719372037915,460.6148326150931,527.6072204043592,14.544122995111497,mehr,Stadl-Predlitz
Ja,61446,604.3303215603585,590.1447880434782,663.1140119435396,912.5493376413569,1022.2275053418803,1120.6799895342751,619.1963738491254,1018.4856108391708,64.48507353296242,mehr,Teufenbach-Katsch
Ja,61626,471.98137961806174,469.48888809946715,520.777005902343,558.6567963061623,602.7786817623311,562.3395914054245,487.41575787329066,574.5916898246393,17.885333115145418,mehr,Bärnbach
Ja,61627,364.05976515565266,405.39724597445866,415.34418019026305,489.4979582628314,599.9509507640068,582.2174116305587,394.93373044012486,557.222106885799,41.092559064229725,mehr,Edelschrott
Ja,61628,330.50979029358894,348.93090632603406,394.3296748466258,420.2004452690167,424.6196286972939,435.30724758842445,357.9234571554162,426.7091071849117,19.217977658175013,mehr,Geistthal-Södingberg
Ja,61629,373.05649042844124,369.81999077490775,393.8789597000937,393.4138798856053,424.4042409867173,449.8278206364513,378.91848030114755,422.5486471695913,11.514394028438101,mehr,Hirschegg-Pack
Ja,61630,313.2394855115316,330.8564007092199,354.0980311190904,216.9735973793925,222.8011130952381,247.0025561627201,332.73130577994726,228.92575554578357,-31.19801125741254,weniger,Kainach bei Voitsberg
Ja,61631,633.0002156439914,635.4787206549615,639.8346504680342,636.5427662736549,644.430455716267,662.430105010501,636.104528922329,647.801109000141,1.838782707242781,mehr,Köflach
Ja,61632,460.9045705521472,433.60173190162794,513.2158849709004,491.53610331850837,531.1964870466321,467.4555833048238,469.2407291415586,496.72939122332144,5.858115115465656,mehr,Maria Lankowitz
Ja,61633,247.63750443824497,260.7821417721519,291.7819366993218,247.79619659175106,374.46149925779315,263.1564532495772,266.73386096990623,295.13804969970715,10.648887481520596,mehr,Söding-Sankt Johann
Ja,61756,324.68039426523296,350.4305623648162,393.30100824042654,387.0142960637527,401.55708583794177,416.39343097238896,356.1373216234919,401.6549376246944,12.780917145584558,mehr,Anger
Ja,61757,489.7639926739927,531.8344383987563,588.1613134851139,541.1207989841766,559.8700568627451,598.5481386138614,536.5865815192876,566.5129981535944,5.5771831918668635,mehr,Birkfeld
Ja,61758,274.7502546045504,280.4108193163321,321.7708278867102,318.4462802197802,342.5379312257349,302.68047619047616,292.31063393586425,321.2215625453304,9.890481307570042,mehr,Fladnitz an der Teichalm
Ja,61759,314.5187976190476,246.94145734597157,289.85903628792386,308.8925044510386,314.87128128724675,349.621799761621,283.7730970843143,324.4618618333021,14.338485630615793,mehr,Gersdorf an der Feistritz
Ja,61760,801.6184452723794,824.7234592009565,853.8761438362968,863.0624567036388,883.0774062380407,816.192822595705,826.7393494365442,854.1108951791281,3.310782988766481,mehr,Gleisdorf
Ja,61761,272.0450169300226,334.4056881781839,314.211943019943,338.13858689458687,308.2933696275072,309.5275913242009,306.8875493760498,318.65318261543166,3.8338581227238544,mehr,Gutenberg-Stenzengreith
Ja,61762,269.307855466917,254.79830153559797,307.4222811918063,292.3179468035464,382.9707859848485,387.3156356736243,277.1761460647737,354.2014561540064,27.78929975858475,mehr,Ilztal
Ja,61763,433.74635008029367,534.5617907678032,507.76653382761816,513.741581027668,528.6919171707771,527.3393607092861,492.02489155857165,523.2576196359104,6.347794311463351,mehr,Passail
Ja,61764,372.3011961057024,407.91568412393747,418.11524134169616,417.4505812672177,431.8452808370044,445.81903129251697,399.4440405237787,431.7049644655797,8.076456441682843,mehr,Pischelsdorf am Kulm
Ja,61765,340.8728513800425,355.7571081586049,402.8128090115689,387.9219822901992,397.2023185562966,452.0639163498099,366.48092285007215,412.3960723987686,12.528660207363739,mehr,Sankt Ruprecht an der Raab
Ja,61766,868.6431749268552,874.5642767239851,912.2651619182445,924.563852951573,1019.1108765637301,1084.3717987486966,885.1575378563616,1009.3488427546666,14.030418268714783,mehr,Weiz
Ja,62039,282.91221739130435,291.3080800432666,377.8752546045504,369.1192179700499,358.03748355263156,400.4111400651465,317.36518401304045,375.8559471959427,18.430113361300158,mehr,Lobmingtal
Ja,62040,808.5949224768406,875.9319677261612,863.090174539,809.0869390389198,765.989234919078,785.4051217330816,849.2056882473339,786.8270985636931,-7.3455218855614675,weniger,Judenburg
Ja,62041,683.2228103284903,709.2673639968278,728.5091643901656,730.4233030447951,717.3968550678876,714.8016890504028,706.9997795718278,720.8739490543618,1.9624008215301636,mehr,Knittelfeld
Ja,62042,353.8203674607197,410.1465044814341,414.8770743034056,442.9689419354838,459.25625097630825,440.0345618624117,392.9479820818531,447.419918258068,13.862378396148145,mehr,Obdach
Ja,62043,457.0469090909091,467.57727833712244,441.60519438092126,452.7730456186413,461.48136303630366,449.48913057961363,455.4097939363176,454.5811797448528,-0.18194913734785878,weniger,Pöls-Oberkurzheim
Ja,62044,368.6402120890774,377.4641309823678,417.10649927745663,423.3499125364431,427.27612567324957,465.2160258302583,387.736947449634,438.61402134665036,13.121543931179058,mehr,Pölstal
Ja,62045,344.8411891620672,310.5306609914872,292.42338741396264,317.0202369200395,324.0965019569472,335.3895196078431,315.931745855839,325.50208616160995,3.0292430030560924,mehr,Sankt Marein-Feistritz
Ja,62046,294.94522918958563,308.94830871491877,342.78348802946596,344.76807024029574,363.1357283321194,342.87571531791906,315.5590086446568,350.2598379634447,10.99662135073558,mehr,Sankt Margarethen bei Knittelfeld
Ja,62047,408.77511010728404,417.45572391833673,445.5056808309726,479.3295446816551,496.68036792452835,510.59165160075327,423.9121716188645,495.53385473564555,16.895406150587135,mehr,Spielberg
Ja,62048,222.6973868845924,243.8110880515817,244.54209316517492,273.7324308826541,287.24765808444903,298.2804378818737,237.016856033783,286.4201756163256,20.84380006099691,mehr,Weißkirchen in Steiermark
Ja,62138,344.4048309178744,349.5428228105906,378.256327198364,364.5810831960461,374.1026641883519,382.5877132262052,357.40132697560966,373.75715353686775,4.576319483663882,mehr,Aflenz
Ja,62139,721.1346043119443,768.4754780774639,796.4871169739351,781.5953847127311,823.4635944874458,824.0863280757098,762.032399787781,809.7151024252956,6.257306467650703,mehr,Bruck an der Mur
Ja,62140,631.751741231822,665.4419511881273,682.5862978265548,651.4017129549767,673.2781419343652,667.8083546339767,659.9266634155014,664.1627365077728,0.6419005818536494,mehr,Kapfenberg
Ja,62141,491.41961893349315,535.7808911967153,556.2381244692467,520.5282046308644,542.9408467692308,557.1720418204183,527.8128781998183,540.2136977401711,2.3494727113608116,mehr,Kindberg
Ja,62142,603.6884122359795,622.839906610961,637.6569251938954,643.9144738834217,664.5202992327366,631.13631497684,621.3950813469453,646.5236960309994,4.0439030559406675,mehr,Mariazell
Ja,62143,858.3259029320302,865.156852769023,884.5567631041524,877.702949052536,876.5621126598319,925.4619541433892,869.3465062684018,893.2423386185857,2.7487120702600842,mehr,Mürzzuschlag
Ja,62144,447.40467387513075,445.36291170287313,525.3901604278075,496.73461896243293,518.444534457478,578.7587891520244,472.7192486686038,531.3126475239784,12.394967841990923,mehr,Neuberg an der Mürz
Ja,62145,423.30986565671003,449.00807157345696,481.8219944395669,480.91251802796177,444.7634428422774,446.19691728190446,451.3799772232446,457.2909593840479,1.3095357479447456,mehr,Sankt Barbara im Mürztal
Ja,62146,401.5831107795599,424.64383633633634,417.9040273668639,420.91661676646703,451.50898729446936,483.3122201699298,414.7103248275867,451.9126080769554,8.970667239798114,mehr,Sankt Marein im Mürztal
Ja,62147,529.0517741273101,519.1938004158004,536.5889542760373,552.4054611443212,548.1131810418447,525.8249891821722,528.2781762730492,542.114543789446,2.6191442572947032,mehr,Thörl
Ja,62148,448.1294763343404,446.844512195122,486.0296618852459,456.36722019781365,470.66567881669306,463.850164281929,460.3345501382361,463.6276877654786,0.7153792011165727,mehr,Tragöß-Sankt Katharein
Ja,62205,394.6032070240296,358.5214990689013,364.2999860853432,406.87808402585415,363.42334406623735,391.32741609195403,372.47489739275807,387.2096147280152,3.955895400843623,mehr,Buch-St. Magdalena
Ja,62266,242.48373072113378,242.05174833887042,310.0028119800333,273.365870378064,280.7545682565789,276.85959415584415,264.84609701334585,276.99334426349566,4.586530587814441,mehr,Feistritztal
Ja,62267,562.6072395896199,599.2131802721088,663.9028711909676,635.5834907231209,661.1052425461429,673.1826888574127,608.5744303508988,656.6238073755588,7.8953985951981664,mehr,Fürstenfeld
Ja,62268,275.63129500947565,308.55287451984634,290.90879809220985,296.12255076142134,349.5380345710628,313.9481984,291.6976558738439,319.8695945774947,9.657924270682106,mehr,Grafendorf bei Hartberg
Ja,62269,421.0987829912023,436.6232843137255,490.563356470005,483.5302362204725,449.1990576923077,426.9066745506149,449.42847459164426,453.21198948779835,0.8418502854301346,mehr,Großwilfersdorf
Ja,62270,193.45746492048644,231.40521557719055,229.37466010314114,258.1363295346629,232.71740302743615,230.356149882904,218.07911353360603,240.40329414833434,10.236734849570151,mehr,Hartl
Ja,62271,506.55530261723004,561.3885581902426,613.4755402112104,608.5087044534413,649.039803710675,613.4968655913979,560.4731336728943,623.681791251838,11.277731934218615,mehr,Ilz
Ja,62272,314.1259191702432,318.5829058908046,325.82922419928826,403.5019943918682,446.15610258199575,444.0184834123223,319.5126830867787,431.2255267953954,34.96350837449411,mehr,Kaindorf
Ja,62273,465.90246392303584,473.1782654680063,492.67989473684213,556.4021276595745,438.55471505376346,469.35468073878627,477.25354137596145,488.1038411507081,2.2734875352552253,mehr,Loipersdorf bei Fürstenfeld
Ja,62275,472.21155624287803,495.9765323366916,530.3910144927537,533.5723900826446,585.1096457540143,586.987635793297,499.5263676907745,568.5565572099854,13.819128275115023,mehr,Pöllau
Ja,62276,294.8591878871301,288.5072901023891,298.33328609986506,376.5892139439508,409.77471826205027,341.99861570247936,293.89992136312804,376.1208493028268,27.97582508983072,mehr,Rohr bei Hartberg
Ja,62278,279.1074371232592,288.73362393870366,307.743073089701,282.4943677446103,296.08687722233844,311.64426470588234,291.8613780505546,296.7418365576104,1.672183739984412,mehr,Vorau
Ja,62279,397.6343372744244,403.1475586556753,416.8271226718047,437.8224514877102,508.1903571428572,440.2711031331592,405.86967286730146,462.0946372545755,13.852960234764012,mehr,Waldbach-Mönichwald
Ja,62298,780.0421888528139,780.4814134563212,815.7202510799136,814.1988181327577,841.7198042328042,846.78076518538,792.0812844630163,834.2331291836473,5.321656444541212,mehr,Bad Waltersdorf / Neudau**
Ja,62299,280.10182365145226,286.22187578419073,290.73341453170934,310.8149500955617,304.8230948874395,341.11656929637525,285.6857046557841,318.91820475979216,11.632538682342929,mehr,Dechantskirchen / Rohrbach an der Lafnitz**
Ja,62375,523.5325278459505,546.8270579354595,609.6806593406593,639.7294066515495,654.4873506051437,659.4318646926537,560.0134150406898,651.216207316449,16.285822772501348,mehr,Bad Gleichenberg
Ja,62376,935.2103471771577,958.0319434514138,1009.1307996083551,971.5121021992238,1062.6131342324984,1124.3411582278482,967.4576967456422,1052.82213155319,8.823583201074193,mehr,Bad Radkersburg
Ja,62377,365.3837716450216,335.1480511182109,368.13361471861475,329.5801317957167,353.7401782729805,364.94517945886247,356.2218124939491,349.42182984251986,-1.9089180990410903,weniger,Deutsch Goritz
Ja,62378,451.13942806442805,463.5353634017117,484.1711270100845,509.1968372219948,521.6730463398254,535.2040111838517,466.2819728254081,522.0246315818906,11.95471024082555,mehr,Fehring
Ja,62379,587.1022280674609,609.6909360290146,631.9442982523674,658.8957871853546,644.6574423495831,668.8620985894358,609.579154116281,657.4717760414578,7.856669901156277,mehr,Feldbach
Ja,62380,397.94407204889035,418.4280865899141,492.31471834455573,642.1307114689452,493.6845194848085,509.88266491199215,436.2289589944534,548.5659652885819,25.7518452129073,mehr,Gnas*
Ja,62381,330.6388463892289,328.7154965859715,392.00218991648626,309.3367471371093,321.6172860635697,325.93160122699385,350.4521776305622,318.9618781425576,-8.985619578943183,weniger,Kirchbach-Zerlach
Ja,62382,283.12912540490515,310.03992862076905,335.53328415796636,319.12736425339364,340.3625226860254,355.1970422852002,309.5674460612135,338.2289764082064,9.258573765319422,mehr,Kirchberg an der Raab*
Ja,62383,743.9726804407713,755.4257174638487,757.4980709101061,767.1941212629225,707.6379899074852,751.618569421023,752.2988229382421,742.1502268638102,-1.3490112924535391,weniger,Mureck
Ja,62384,231.5934728434505,233.77482769726248,257.36561898652985,290.2342731992213,311.0053283485046,338.1297361563518,240.91130650908096,313.1231125680259,29.97443627919678,mehr,Paldau*
Ja,62385,298.1006446719757,324.93728865194214,350.8658635312259,349.6475964506173,363.5206746801085,375.1497522260937,324.6345989517146,362.7726744522732,11.74800086734782,mehr,Pirching am Traubenberg
Ja,62386,265.76377287191724,302.95752369429323,336.6589329021827,397.58528623629724,421.66806744749596,420.99703016714227,301.7934098227977,413.4167946169785,36.98668730364989,mehr,Riegersburg
Ja,62387,393.96728940783987,329.16779510961214,385.379416737109,358.4610670603121,362.47344929995757,363.7088502333475,369.5048337515204,361.5477888645391,-2.153434586009273,weniger,Sankt Anna am Aigen
Ja,62388,364.5803670315519,389.021862745098,436.3955372987184,405.1753116710875,430.77551230871586,504.7451811716898,396.6659223584561,446.8986683838311,12.66374124772458,mehr,Sankt Peter am Ottersbach
Ja,62389,441.13801581418335,460.8499005717126,488.82754482071715,473.085847923962,491.9514385614386,535.738285426122,463.60515373553767,500.2585239705075,7.906161081176988,mehr,Sankt Stefan im Rosental
Ja,62390,367.52686013071894,383.8953402722177,396.17192088864806,422.32602937177046,383.86442371020854,384.16453440176844,382.5313737638615,396.7849958279158,3.7261315127718353,mehr,Straden
Nein,60101,689.8512885216019,698.6681931536846,699.4500781490165,667.0116518542561,680.8746493231237,678.5727046278389,695.9898532747676,675.4863352684062,-2.9459507074547697,weniger,Graz
Nein,60305,308.0295514780836,350.73363917525774,344.5074099722992,380.74808333333334,375.1860750974141,380.93610797459417,334.4235335418802,378.9567554684472,13.316413906316814,mehr,Frauental an der Laßnitz
Nein,60318,486.3821394085697,520.0105091344715,492.1164968534612,523.4596889810427,496.2811903358869,499.02680105944677,499.5030484655008,506.2558934587921,1.351912668808808,mehr,Lannach
Nein,60323,492.7453956834532,515.7939767868052,503.0502018348624,473.9632081280788,484.1075414874001,499.4253219927096,503.86319143504016,485.83202386939615,-3.5785840029889604,weniger,Pölfing-Brunn
Nein,60324,488.51154164205553,484.2513526284702,539.0618850029639,597.5285069444444,592.2673987081621,593.8085861476817,503.9415930911632,594.534830600096,17.97693199984476,mehr,Preding
Nein,60326,326.3260014306152,343.2662805303559,330.01970792767736,330.8533921302578,323.58919258769026,310.3278205128205,333.2039966295495,321.5901350769229,-3.4855108792523737,weniger,Sankt Josef (Weststeiermark)
Nein,60329,393.29910832719236,416.6186043058649,411.07983532934134,419.7409833585476,460.09716881150644,463.2094615384616,406.9991826541329,447.68253790283853,9.995930454552848,mehr,Sankt Peter im Sulmtal
Nein,60341,280.2587443070917,287.9417726396917,298.57685530546627,315.0977076625885,308.84929716399506,283.4302098765432,288.9257907507499,302.4590715677089,4.683998884901852,mehr,Wettmannstätten
Nein,60608,342.85838363636367,386.6727864164432,373.58591643258427,356.3515017123288,372.3476858108108,359.38519537609903,367.7056954951304,362.6947942997462,-1.3627477781209762,weniger,Feldkirchen bei Graz
Nein,60611,337.2793310048361,350.0362326574173,358.693759936407,338.3618034923117,371.76814196242174,372.2834966819806,348.66977453288683,360.804480712238,3.48028623806238,mehr,Gössendorf
Nein,60613,488.80785306988463,554.8110391665568,677.266339543427,613.7237851366962,599.358804139517,620.114190451811,573.6284105932895,611.0655932426747,6.526382228987737,mehr,Gratkorn
Nein,60617,728.8645597131973,719.2314180929095,694.6359885638882,740.8320515645659,518.7686680412371,505.87322946175635,714.2439887899983,588.4913163558532,-17.606402631008887,weniger,Hart bei Graz
Nein,60618,176.74639198218264,212.92537602382723,211.10328380386332,232.31317073170734,239.2553421633554,233.8735306859206,200.25835060329106,235.1473478603278,17.421993715583596,mehr,Haselsdorf-Tobelbad
Nein,60619,371.81105337078657,413.25261839396023,403.11891846361186,417.2166967871486,395.2858562300319,458.24469310670446,396.06086340945285,423.5824153746283,6.948818857854011,mehr,Hausmannstätten
Nein,60623,226.67739642721398,226.20283004834513,249.46484994442386,251.9302867647059,254.77139323390327,235.90912020275164,234.11502547332762,247.5369334004536,5.733039944783513,mehr,Kainbach bei Graz
Nein,60624,623.4165371506476,612.2236264100862,602.3744428104575,680.1452498786997,679.8179937451134,648.9799667170953,612.6715354570638,669.6477367803028,9.29963251528141,mehr,Kalsdorf bei Graz
Nein,60626,292.5905650969529,282.46058164937193,306.1856381260097,312.40550160944207,320.75320922915574,302.75632838927925,293.74559495744484,311.97167974262567,6.204717652981739,mehr,Kumberg
Nein,60628,476.7097810760668,466.83622425629295,467.7449770992367,474.70029739776953,459.332744665195,497.0507171754321,470.4303274771988,477.0279197461322,1.402458958017161,mehr,Laßnitzhöhe
Nein,60629,466.7459112249253,488.6088608128027,490.7229232365145,463.3929572544184,471.546825045299,499.7620889328063,482.02589842474754,478.2339570775079,-0.7866675545093349,weniger,Lieboch
Nein,60632,339.22591165413536,360.43921824104234,436.70621268656714,366.39991821899133,341.11033196907687,444.6341081081081,378.79044752724826,384.04811943205874,1.3880159700786265,mehr,Peggau
Nein,60639,287.1070528602462,277.55351156069366,304.12352142857145,324.79437273386515,333.3803610108303,343.0524150141643,289.59469528317044,333.74238291961996,15.244646519951344,mehr,Sankt Bartholomä
Nein,60641,361.6055301102629,366.53645622895624,374.56857959183674,371.12733113673806,414.6525978351373,450.65745650372827,367.5701886436853,412.14579515853455,12.127100589776042,mehr,Sankt Oswald bei Plankenwarth
Nein,60642,354.86388503468777,388.87547477744806,449.21023369036027,409.3464469219583,400.9388942077549,406.60875176636836,397.64986450083205,405.6313642986939,2.0071677398610266,mehr,Sankt Radegund bei Graz
Nein,60645,353.7846387949585,295.8911684370258,318.56041919805585,334.6371926660655,321.96944211157773,331.3931894484412,322.7454088100133,329.33327474202815,2.0411958628024474,mehr,Semriach
Nein,60646,388.08644192011724,405.3519617742517,380.2681978417266,374.04490876565296,385.60731647348086,381.38670272156315,391.2355338453652,380.34630932023236,-2.7832912869915183,weniger,Stattegg
Nein,60647,311.74802521008405,300.6916973125884,301.9523226703755,340.11543448275864,312.82004137931034,348.44302228412255,304.7973483976827,333.7928327153972,9.513036930978425,mehr,Stiwoll
Nein,60648,375.81048365427677,450.3456862745098,407.1150133928571,375.7895408388521,412.29164100307963,410.2644099378882,411.09039444054787,399.44853059327335,-2.831947426822734,weniger,Thal
Nein,60651,347.9910769230769,356.0887116255662,404.64147499999996,400.26522704339055,387.46010468594216,395.4543132411067,369.57375451621436,394.39321499014653,6.715698874889475,mehr,Übelbach
Nein,60653,184.40754144954997,194.15987574671445,189.48843576709797,203.6529108193753,201.1565394116326,214.29846510600706,189.35195098778743,206.3693051123383,8.987155419195258,mehr,Vasoldsberg
Nein,60654,241.85180797522258,243.69409512761024,256.3124845916795,270.68724058416603,302.9729784009094,308.7364171732523,247.2861292315041,294.1322120527759,18.94408027124541,mehr,Weinitzen
Nein,60655,503.4632165605095,526.5930626134302,516.073349644128,564.0845741878841,540.8118620992534,543.613055916775,515.376542939356,549.5031640679708,6.621686919233816,mehr,Werndorf
Nein,60656,321.8910283454186,352.452408616188,372.68739441195584,350.79942394822007,388.0928303108808,393.9516770963705,349.0102771245208,377.6146437851571,8.19585225292112,mehr,Wundschuh
Nein,61001,405.2684620737648,443.487663617171,449.1771578947368,461.88984285714287,488.636095505618,467.9896620689655,432.64442786189085,472.83853347724215,9.290332436266135,mehr,Allerheiligen bei Wildon
Nein,61002,501.43204481792714,546.9659484346225,546.690277520814,616.9125214081828,675.255223880597,795.1093659942363,531.6960902577879,695.7590370943386,30.856526847321053,mehr,Arnfels
Nein,61007,238.2647539742619,277.4713525835866,212.3744754716981,220.70383156297422,219.09505970149254,236.9989992695398,242.70352734318223,225.59929684466886,-7.047376148896278,weniger,Empersdorf
Nein,61008,984.8498651079137,1021.7726194690266,1063.2278863232682,1117.377985546522,1111.0783631713555,1096.1606090534979,1023.2834569667361,1108.2056525904584,8.298990377060566,mehr,Gabersdorf
Nein,61012,266.7000774443369,296.59126511627903,297.1192915904936,289.31297645490895,340.53963828848697,358.4619352051836,286.8035447170365,329.43818331619315,14.865450369945886,mehr,Gralla
Nein,61013,358.3424438573316,381.43498040922947,353.0580802792321,377.82379203539824,436.1429252003562,431.4906128747795,364.2785015152644,415.152443370178,13.965672320297994,mehr,Großklein
Nein,61016,317.61967246673487,336.4571111111111,349.7996198099049,355.61942173479565,360.4625175175175,430.0878247734139,334.62546779591696,382.0565880085757,14.174390408797667,mehr,Heimschuh
Nein,61017,252.32749101365923,273.24194126074497,291.3524444444444,310.3488377037562,336.97126366120216,300.8689232934553,272.3072922396162,316.0630082194712,16.06850687691179,mehr,Hengsberg
Nein,61019,348.8591556291391,363.3721949221949,344.07041700735897,274.7782145716573,295.1223888888889,309.15331973898856,352.100589186231,293.01797439984495,-16.780038602871073,weniger,Kitzeck im Sausal
Nein,61020,286.78266062602967,304.6008388157895,300.09016246953695,320.1763933121019,301.4014207650273,327.40517829457366,297.15788730378534,316.327664123901,6.451040890770088,mehr,Lang
Nein,61021,428.92379689844927,427.85606075453205,433.6362869822485,459.41019749518307,466.9640649651972,522.755918085596,430.1387148784099,483.0433935153255,12.299445924524699,mehr,Lebring-Sankt Margarethen
Nein,61024,170.25954364200265,189.5433048561151,197.4353961748634,200.01885869565217,226.33426051560383,204.38809699769052,185.7460815576604,210.24707206964885,13.190582706522779,mehr,Oberhaag
Nein,61027,338.19459310344826,383.45131250000003,326.2135921674544,319.52636363636367,321.11883528600964,387.6182853223594,349.28649925696755,342.75449474824427,-1.8700993375405872,weniger,Ragnitz
Nein,61030,182.63986781609196,206.22797461050203,198.92919272313816,208.93925947187142,211.35730324074072,216.10853163087637,195.93234504991074,212.13503144782953,8.269531196491009,mehr,Sankt Andrä-Höch
Nein,61032,370.1941288433382,387.242216796875,380.01171821305843,396.4192072870507,422.3423222277474,437.02432203389833,379.1493546177572,418.5952838495655,10.403797013336892,mehr,Sankt Johann im Saggautal
Nein,61033,371.5390633484163,408.8087203579418,419.99796464188574,447.42154681139755,458.6744101633394,447.8955996433348,400.11524944941465,451.33051887269056,12.800129336172894,mehr,Sankt Nikolai im Sausal
Nein,61043,267.1608357075024,308.2896219931271,268.877578980294,285.524,360.8246307260829,367.1079913739988,281.4426788936412,337.81887403336054,20.031146434981252,mehr,Tillmitsch
Nein,61045,467.19226119402987,533.879729880775,505.2759288610394,554.1114254505735,564.4792614662333,550.7514188600314,502.11597331194804,556.4473685922794,10.82048733123595,mehr,Wagna
Nein,61101,873.6461078717202,991.5480708915146,915.0891349557522,957.2075635103926,929.2009671405267,958.4688777459409,926.7611045729958,948.29246946562,2.3232918155909,mehr,Eisenerz
Nein,61105,418.62296672828097,410.8059078080903,439.0506925996205,448.03808139534885,558.1886653581943,621.5825653923542,422.8265223786639,542.6031040486324,28.32759425689528,mehr,Kalwang
Nein,61106,403.47440749697705,411.5864186327889,455.1439452887538,454.0883333333333,478.1545594577942,457.5391718170581,423.40159047283987,463.26068820272855,9.414017005787677,mehr,Kammern im Liesingtal
Nein,61107,358.8678338509317,364.52822014051526,363.101057165231,385.9985974643423,376.68023089171976,384.27202036021924,362.16570371889264,382.31694957209373,5.564095563516469,mehr,Kraubath an der Mur
Nein,61108,858.2298929458217,879.6621930581229,920.7120416087631,908.9155298643449,934.0305637080868,928.4542376078667,886.2013758709026,923.8001103934329,4.242685189422168,mehr,Leoben
Nein,61109,644.4915473568282,673.0894629014397,680.8180705622933,715.9791270285394,750.8507928531546,739.0638266151298,666.133026940187,735.2979154989413,10.383044491346727,mehr,Mautern in Steiermark
Nein,61110,540.1638531029065,614.1310077821012,620.025484375,608.4673356807511,588.9465536277602,583.0494647776466,591.4401150866693,593.487784695386,0.34621757241080076,mehr,Niklasdorf
Nein,61111,300.57294676806083,315.7475464445868,370.2205204944697,338.9750032113038,366.25375574523963,348.6946113651208,328.84700456903914,351.30779010722136,6.83016272798882,mehr,Proleb
Nein,61112,257.8843969465649,240.6108031496063,318.00786407766986,298.6390655737705,317.8207130730051,351.76740805604203,272.16768805794703,322.74239556760585,18.582186544822687,mehr,Radmer
Nein,61113,439.3946840390879,443.5673941798942,443.7123256578947,485.1546272149783,495.24971109652,561.1131457384515,442.2248012922923,513.8391613499833,16.194107577959404,mehr,Sankt Michael in Obersteiermark
Nein,61114,346.4684960531782,372.0242036124795,338.35370400992144,357.85336554621847,397.24264830508474,398.8751247357294,352.28213455852637,384.6570461956776,9.190052080762733,mehr,Sankt Peter-Freienstein
Nein,61115,325.66167342799184,341.0339276617422,341.0290946714951,375.486859676578,377.618451948052,380.4740479916536,335.9082319204097,377.85978653876117,12.488992716406976,mehr,Sankt Stefan ob Leoben
Nein,61116,443.35328767123286,456.15183333333334,476.3510117302053,455.2503612716763,484.94284892086324,545.1198336948662,458.61871091159054,495.1043479624686,7.955549170324083,mehr,Traboch
Nein,61118,523.778908918406,573.5137914691943,573.284522862823,542.9976817288801,577.2579423076924,540.5910776699028,556.8590744168077,553.6155672354918,-0.5824646360863994,weniger,Vordernberg
Nein,61119,455.56949367088606,417.4028387096774,421.66224080267557,425.19358803986705,549.4747635135135,579.1870769230769,431.5448577277463,517.9518094921524,20.02270452702708,mehr,Wald am Schoberpaß
Nein,61203,349.465420233463,363.225484375,347.5951935862339,360.0577153996101,369.7154847328244,354.44806141324455,353.4286993982323,361.4070871818931,2.2574249904564025,mehr,Aigen im Ennstal
Nein,61204,539.9218851997749,569.3631670403588,541.7497095890411,592.4693544857768,555.5250485961124,576.094928153273,550.3449206097249,574.6964437450541,4.424774759136563,mehr,Altaussee
Nein,61205,388.64746527777777,396.8614487632509,430.23727699530514,417.7702240566038,429.9722619047619,561.5330555555555,405.2487303454446,469.7585138389738,15.918565232404159,mehr,Altenmarkt bei Sankt Gallen
Nein,61206,335.299223628692,354.1515754560531,362.4084294068505,393.4027791771621,411.7042809917355,429.51256723716386,350.61974283053183,411.5398758020205,17.374986496677035,mehr,Ardning
Nein,61207,591.3743056124539,627.5667428453778,680.1534295877798,692.7786101196725,777.9814504296793,700.7102334305961,633.0314926818704,723.8234313266493,14.34240471356869,mehr,Bad Aussee
Nein,61213,668.0029401408451,698.8647707074298,694.5619978594364,799.6918084727661,788.8137034434293,808.3877927461141,687.1432362359037,798.9644348874364,16.27334633519455,mehr,Gröbming
Nein,61215,371.9697018533441,354.64654281098547,415.946661197703,498.4650615258409,488.377448896157,519.167429048414,380.85430195401085,502.0033131568039,31.80980510951985,mehr,Grundlsee
Nein,61217,433.34051796157064,431.5308326394671,393.83547876769364,413.89198416006667,438.67180820804555,454.68538523925383,419.56894312291047,435.7497258691221,3.8565253723918946,mehr,Haus
Nein,61222,346.7863417569194,374.07287696019296,365.41821835632874,332.9089053254438,307.17450663589153,322.75599185573003,362.0924790244803,320.9464679390218,-11.363398432442107,weniger,Lassing
Nein,61236,416.3074792043399,423.1731520572451,463.2851265365148,416.8966835443038,425.4952945428262,452.59555990046215,434.25525259936666,431.6625126625307,-0.5970543640672954,weniger,Ramsau am Dachstein
Nein,61243,486.5845823389022,524.9029855247286,516.5435709932967,552.2273783454988,538.946336996337,572.8525905118602,509.3437129523092,554.6754352845653,8.90002589204446,mehr,Selzthal
Nein,61247,584.999416909621,607.3316518650089,581.8588487921264,542.7373752969121,547.9960510863183,593.0207569955817,591.3966391889188,561.2513944596041,-5.097297267474832,weniger,Trieben
Nein,61251,535.7545437262357,564.7862183235868,673.86312,688.2013373253493,713.5090833333333,702.3478632478632,591.4679606832742,701.3527613021819,18.578318340686927,mehr,Wildalpen
Nein,61252,403.5716652286454,431.9121039182283,379.89767381974247,361.9053527336861,414.0880625,409.93629162916295,405.1271476555387,395.3099022876163,-2.423250435013935,weniger,Wörschach
Nein,61410,338.33394849785407,330.5667864923747,349.1192477876106,398.12846327683616,347.7631972789116,355.6749827387802,339.3399942592798,367.18888109817595,8.206780017099202,mehr,Mühlen
Nein,61413,469.6626755852843,406.69338815789473,341.24544570502434,365.73449999999997,414.68739057239054,377.67768067226893,405.8671698160678,386.0331904148865,-4.886815410610746,weniger,Niederwölz
Nein,61425,405.438585762064,464.4998714285714,464.54511875908867,489.6286583612841,474.00868497109826,489.1530836152731,444.827858649908,484.2634756492185,8.86536583365103,mehr,St. Peter am Kammersberg
Nein,61428,255.3266765285996,282.8707007007007,327.7626401630989,319.1162626262626,333.09900101936796,362.07366632337795,288.65333913079974,338.09630998966946,17.128840777575505,mehr,Schöder
Nein,61611,246.76746923707955,260.45872366288495,266.19526921496094,283.369238725693,300.26046033703244,276.68018714401956,257.8071540383085,286.769962068915,11.234291825083641,mehr,Krottendorf-Gaisfeld
Nein,61612,507.16784477427336,493.2175297060663,504.82287807920176,531.4674380421313,493.88725526075024,507.0767311827957,501.7360841865138,510.8104748285591,1.8085983703480357,mehr,Ligist
Nein,61615,287.7324903288201,304.7762702960841,363.0116001899335,340.12535191956124,347.1240370705244,397.6401951883795,318.5067869382792,361.62986139282174,13.539138323887268,mehr,Mooskirchen
Nein,61618,427.76672748675685,450.307648456057,453.8339063426201,407.7503154761905,452.3789814814815,463.3867983243567,443.96942742847796,441.17203176067625,-0.6300874553467617,weniger,Rosental an der Kainach
Nein,61621,291.114384057971,323.1435373317014,332.48053020961777,401.34849382716044,321.7909471094711,362.80848020434223,315.57948386643005,361.98264038032465,14.704110655537693,mehr,Sankt Martin am Wöllmißberg
Nein,61624,304.0076796454574,291.9357899776572,305.1948115015974,323.479702685422,345.1919192245557,340.73393736017897,300.3794270415707,336.4685197567189,12.014502148362393,mehr,Stallhofen
Nein,61625,448.2725192668195,445.84079723791587,458.8922768746723,474.51799300625197,465.93200992293885,486.89628070175434,451.00186445980256,475.7820945436483,5.494485064607613,mehr,Voitsberg
Nein,61701,475.8788531187123,510.18974949899797,545.657605,576.142516258129,565.534935897436,634.236628992629,510.5754025392368,591.9713603827313,15.94200532158212,mehr,Albersdorf-Prebuch
Nein,61708,222.12421994884912,220.2445816993464,243.61306028833553,236.0805514950166,250.18998006644517,229.2050729442971,228.66062064551033,238.49186816858628,4.299493063266535,mehr,Fischbach
Nein,61710,261.98465445462114,255.62887788778878,236.74234904880066,235.8886970954357,279.2901,291.6338860971524,251.45196046373687,268.937561064196,6.953853359588669,mehr,Floing
Nein,61711,286.76345123258307,299.60538131041886,328.4087261146497,320.9454237288135,398.3465217391304,404.19775599128536,304.92585288588384,374.49656715307646,22.81561684873894,mehr,Gasen
Nein,61716,310.93178486596537,321.3883665204185,334.9681220657277,334.52547131834956,344.9474654998317,377.71742741390955,322.4294244840372,352.3967880773636,9.29423970572203,mehr,Markt Hartmannsdorf
Nein,61719,284.15865949119376,299.53616642616646,310.72208313651396,346.6231340495096,396.32787096774194,480.9300271862257,298.1389696846247,407.9603440678257,36.83563222190358,mehr,Hofstätten an der Raab
Nein,61727,232.32630029440628,232.05796438883542,217.9186994485294,252.80463271744028,267.72434977578473,270.7904404709987,227.43432137725702,263.7731409880746,15.977720245019889,mehr,Ludersdorf-Wilfersdorf
Nein,61728,380.1058221024259,398.8372274562584,445.36548517520214,419.0663397790055,443.2054929577465,433.45765042979946,408.1028449112955,431.9098277221838,5.833574332485458,mehr,Miesenbach bei Birkfeld
Nein,61729,255.38806560540277,272.52343644272594,271.5713342898135,274.91995187680465,278.99345393150026,297.6136262135922,266.4942787793141,283.84234400729906,6.509732707001592,mehr,Mitterdorf an der Raab
Nein,61730,298.4773854581673,293.9558085002443,335.8216781496063,288.34283517539643,338.32439035916826,380.41659423712804,309.41829070267266,335.69460659056426,8.492166325468187,mehr,Mortantsch
Nein,61731,245.96555555555557,269.37496792587314,277.8157841726619,303.6919309372798,284.2052582496413,296.7481134856301,264.38543588469685,294.8817675575171,11.534800156737912,mehr,Naas
Nein,61740,368.3675977121068,343.65229186602875,330.7589928057554,347.5560038610039,341.00325918762087,344.218415274463,347.5929607946303,344.2592261076959,-0.959091541817525,weniger,Puch bei Weiz
Nein,61741,445.53037130801687,517.120550381033,472.4727565733673,443.4475423728814,540.2491418861513,553.3526626712329,478.3745594208058,512.3497823100885,7.102221934715414,mehr,Ratten
Nein,61743,382.5837631578947,391.4654376657825,401.7463150867824,398.3268660598179,415.25441644562335,457.3777303070761,391.9318386368198,423.6530042708391,8.09354140361469,mehr,Rettenegg
Nein,61744,711.3555670103093,492.18637853949326,480.9828846153846,489.75109970674487,507.3635526315789,551.3537867078826,561.5082767217291,516.1561463487354,-8.076840939509278,weniger,St. Kathrein am Hauenstein
Nein,61745,229.01194250871083,240.96932504440494,270.27668133802814,319.7902951699463,348.38157261794635,368.0423475046211,246.75264963038134,345.4047384308379,39.98015378891804,mehr,Sankt Kathrein am Offenegg
Nein,61746,292.5509425287356,333.70879244319633,293.3038770864947,293.366505389822,297.2389705147427,309.81943502824856,306.52120401947553,300.1416369776044,-2.0812808243653613,weniger,St. Margarethen an der Raab
Nein,61748,330.6175481957489,356.2613449289564,394.7788801764273,365.24141267537493,396.220268907563,415.50319828408004,360.5525911003776,392.32162662233935,8.811207104352015,mehr,Sinabelkirchen
Nein,61750,263.82616691654175,255.04980372420735,258.5061199384931,252.27886988076725,253.34795781893004,236.16872253449156,259.12736352641406,247.26518341139627,-4.577741213273534,weniger,Strallegg
Nein,61751,266.5331536502547,273.23903821382567,280.70799745977985,303.4963888888889,317.9263560732113,322.52164215686275,273.49339644128673,314.6481290396543,15.047797546074438,mehr,Thannhausen
Nein,62007,517.6707205378663,507.1293055906906,514.9048624088058,534.6531171171172,571.5094420767145,577.324768632534,513.2349628457877,561.1624426087886,9.338311540050292,mehr,Fohnsdorf
Nein,62008,350.37344731332865,389.16096885813147,336.0205299380592,378.1739145658263,409.47153405017923,397.01892651296833,358.51831536983974,394.8881250429913,10.144477454557176,mehr,Gaal
Nein,62010,589.1694323144104,661.0709070294785,633.2630184331798,640.8312933025404,691.6196064814815,588.3257487922706,627.8344525923562,640.2588828587642,1.9789341306624575,mehr,Hohentauern
Nein,62014,346.1926590538336,302.2949645776567,306.43571038251366,338.52687873844485,377.71919533851275,381.6978680479826,318.307778004668,365.9813140416467,14.977182252919864,mehr,Kobenz
Nein,62021,293.906646090535,366.5561475409836,343.8340618556701,374.85242677824266,376.98132911392406,378.7478663793104,334.76561849572954,376.860540757159,12.574446100702685,mehr,Pusterwald
Nein,62026,386.98475651189125,396.36020761245675,419.4373257142857,451.76727586206897,447.0450881316099,507.41850533807826,400.92742994621125,468.74362311058576,16.914829991420845,mehr,Sankt Georgen ob Judenburg
Nein,62032,228.72957619477006,251.9118546132339,266.50943097014925,268.6175,266.597450805009,300.52954954954953,249.05028725938442,278.58150011818617,11.857530133279948,mehr,Sankt Peter ob Judenburg
Nein,62034,311.06257120253167,342.0399530883503,307.9553540856031,328.7800153491942,386.9042901716069,347.14870211102425,320.3526261254951,354.2776692106084,10.589906346459443,mehr,Seckau
Nein,62036,272.6784559359068,293.9406763636364,289.8522182340273,302.3250362844703,313.30012518409427,313.08175477239354,285.49045017785687,309.5689720803194,8.434090137677774,mehr,Unzmarkt-Frauenburg
Nein,62038,656.5604453441296,671.9547423398328,669.9710749007257,687.1456310547142,708.138028891589,718.2026125632955,666.1620875282293,704.4954241698662,5.754355788074239,mehr,Zeltweg
Nein,62105,489.4194561598224,528.6080022383884,539.3997103918229,505.9041909662664,509.0053483016696,513.6120523255814,519.1423895966778,509.5071971978391,-1.855982595897121,weniger,Breitenau am Hochlantsch
Nein,62115,581.2842647058824,595.1525640031032,605.1382012312428,641.3032690434444,633.3991898103811,618.4518398186626,593.8583433134095,631.0514328908295,6.26295647711248,mehr,Krieglach
Nein,62116,250.96994746059545,281.446547979798,285.4771599592461,291.3130127226463,303.24365859872614,322.9424586349534,272.6312184665465,305.8330433187753,12.178291627414218,mehr,Langenwang
Nein,62125,346.6611408274133,328.04229087852036,339.30728358208955,341.75810396250534,346.75879332477535,338.32186711522286,338.0035717626744,342.27958813416785,1.2650802324940535,mehr,Pernegg an der Mur
Nein,62128,229.62943380040034,237.8103832951945,257.35329167850045,265.6461715421755,273.3719825891603,268.6451122816745,241.59770292469844,269.22108880433683,11.433629353772501,mehr,Sankt Lorenzen im Mürztal
Nein,62131,412.4717617866005,449.23567362428844,486.9876981610653,472.7165649717514,412.34116132723113,483.32324516129034,449.5650445239847,456.1269904867576,1.4596210365334317,mehr,Spital am Semmering
Nein,62132,290.0280364583333,323.07121679064824,335.4701507808293,310.1516873985938,332.5827084468665,396.66873701476214,316.1898013432703,346.4677109534075,9.575865344646628,mehr,Stanz im Mürztal
Nein,62135,433.1991048593351,436.1793341869398,437.2211039380245,460.2967398321498,475.54174540682413,453.50966211825863,435.5331809947665,463.11604911907756,6.333126688834878,mehr,Turnau
Nein,62202,315.78095797280594,351.6917672955975,375.3654420062696,341.6080778894472,365.23585995085995,328.853645320197,347.612722424891,345.23252772016804,-0.6847260043070569,weniger,Bad Blumau
Nein,62206,412.6531987891019,437.5222912621359,397.43862101313323,461.97943609022553,446.1596175373134,492.6611607992388,415.8713703547904,466.9334048089259,12.278324042978284,mehr,Burgau
Nein,62209,381.5920374898125,382.91760129659644,389.6733685923515,319.92776527331193,334.9495669607057,375.8153937947494,384.7276691262535,343.564242009589,-10.699367479898136,weniger,Ebersdorf
Nein,62211,420.5509953343701,466.88046838407496,431.49796669248644,482.07188862928354,481.10230561970747,543.2407647515528,439.64314347031046,502.13831966684785,14.21497801676912,mehr,Friedberg
Nein,62214,346.6257722660654,343.9816913439635,353.7280650588895,360.3212874583796,367.5156642974303,364.9828055555555,348.1118428896395,364.27325243712176,4.642591132013241,mehr,Greinbach
Nein,62216,270.75069486404834,301.38353834472287,333.4249805447471,307.0948496530455,355.9778650793651,357.3733757961784,301.85307125117276,340.148696842863,12.686843116406244,mehr,Großsteinbach
Nein,62219,892.342948914041,1076.6768549262995,1130.4012405024034,1130.7189413206681,1093.5137786960515,1085.1478631306204,1033.140348114248,1103.1268610491134,6.7741534886919474,mehr,Hartberg
Nein,62220,390.1269883449883,422.9356689655172,323.95292003593886,380.71684875846506,382.6656130182791,370.9497592510032,379.0051924488148,378.1107403425824,-0.2359999609644392,weniger,Hartberg Umgebung
Nein,62226,503.68975486661867,500.74405135520686,503.8507957746479,431.9051983298539,453.6064364640884,455.87577445652175,502.76153399882446,447.12913641682127,-11.065364754443063,weniger,Lafnitz
Nein,62232,343.914437041972,354.7307584830339,355.95268852459014,348.6570331815224,349.0257490396927,393.83547145606155,351.532628016532,363.8394178924256,3.50089547742205,mehr,Ottendorf an der Rittschein
Nein,62233,443.81264438676186,439.4527917472598,429.1483813179782,445.70955569461825,468.73355625000005,482.5501163522012,437.47127248399994,465.6644094322732,6.44456875721009,mehr,Pinggau
Nein,62235,243.5775262154433,233.4545993361783,247.5859614480489,268.99260047281325,297.4311455847255,293.8127839536008,241.5393623332235,286.7455100037132,18.715851211085056,mehr,Pöllauberg
Nein,62242,284.2276822429906,278.77091412742385,306.255929038282,302.34426291079814,323.30228571428574,325.31952107279693,289.7515084695655,316.9886898992936,9.400186240130992,mehr,Sankt Jakob im Walde
Nein,62244,301.99162732295326,291.3969504950495,309.9264708761625,308.0726757904672,327.39431075319754,328.85559962669157,301.10501623138845,321.4408620567854,6.753738639069895,mehr,Sankt Johann in der Haide
Nein,62245,277.0500955414013,261.6237046467219,298.5979069767442,311.147704381949,332.3450766155896,323.0319573901465,279.0905690549558,322.17491279589507,15.437405816624183,mehr,Sankt Lorenzen am Wechsel
Nein,62247,254.9220288858322,278.10062026188837,296.09034776437187,323.00583855254,308.9524369747899,315.2668736616702,276.3709989706975,315.7417163963334,14.245603761706649,mehr,Schäffern
Nein,62252,338.205995821727,370.41737994350285,436.38138101983003,482.1252073085032,499.78255633802814,429.7824031007752,381.66825226168663,470.5633889157688,23.29120541918488,mehr,Söchau
Nein,62256,266.38531924072475,312.7831693513278,350.87874012291485,308.4695498251748,333.6946628216504,417.9177486187845,310.0157429049891,353.36065375520326,13.981519275135046,mehr,Stubenberg
Nein,62262,329.8485,359.29145583038866,361.4750843881857,370.7256933797909,397.35693446088794,401.2343335709195,350.2050134061915,389.7723204705328,11.298326851320217,mehr,Wenigzell
Nein,62311,185.60249641319942,219.47874725274724,229.93198056801194,171.86002934702861,185.6440554722639,190.49281109445278,211.67107474465286,182.66563197124844,-13.703073416334666,weniger,Edelsbach bei Feldbach
Nein,62314,260.77662866449515,303.75667469879517,304.756478646253,293.74394904458603,308.6770433436532,336.70720644666153,289.7632606698478,313.04273294496693,8.033962698136342,mehr,Eichkögl
Nein,62326,256.28584684181106,262.6620732394366,323.01360159817347,313.217743796884,310.538144092219,312.1730233884769,280.65384055980707,311.9763037591933,11.160532539625612,mehr,Halbenrain
Nein,62330,272.22383783783783,317.7113885578069,321.09089766606826,375.3898842169409,358.1863071297989,364.87558054711246,303.6753746872377,366.1505906312841,20.573026709324417,mehr,Jagerberg
Nein,62332,299.2141915422886,335.9626501547988,310.53589486858573,321.79296226415096,326.4578170347003,367.25212428662013,315.2375788552244,338.50096786182377,7.3796369998398115,mehr,Kapfenstein
Nein,62335,410.22415372035977,438.06125913891145,381.79332786885243,404.5274876033058,405.83372629843365,413.5356172328086,410.02624690937455,407.96561037818265,-0.5025621034565941,weniger,Klöch
Nein,62343,306.6676024279211,344.4161591962906,375.95352941176475,408.5420401854714,407.9973956723339,421.96153905645787,342.34576367865884,412.8336583047544,20.589679237935222,mehr,Mettersdorf am Saßbach
Nein,62347,261.53363363363366,274.76115338882283,277.36724776119405,278.6476435045317,330.7978912386707,374.7390277777778,271.22067826121685,328.06152084032675,20.957414804621056,mehr,Murfeld
Nein,62368,305.52849429657795,363.74341964965726,381.91295558958655,368.73974358974357,423.98250585480093,443.357140600316,350.39495651194056,412.0264633482868,17.589153522603862,mehr,Tieschen
Nein,62372,231.58587907716787,238.36974898785425,242.69267755102038,248.16790754257906,262.4013893376413,219.12152487961475,237.54943520534752,243.23027391994503,2.3914343175292174,mehr,Unterlamm
