gkz_neu,name,gsrbetr,2012,2013,2014,2015,2016,2017,avg12_14,avg15_17,avg_diff,avg11_12,avg16_17,avg_diff_12_17
60101,Graz,Nein,689.85,698.67,699.45,667.01,680.88,678.57,696,675.5,-2.9,680.1,679.7,-0.1
60305,Frauental an der Laßnitz,Nein,308.03,350.73,344.51,380.75,375.19,380.94,334.4,379,13.3,307.3,378.1,23
60318,Lannach,Nein,486.38,520.01,492.12,523.46,496.28,499.03,499.5,506.3,1.4,505.9,497.7,-1.6
60323,Pölfing-Brunn,Nein,492.75,515.79,503.05,473.96,484.11,499.43,503.9,485.8,-3.6,480.9,491.8,2.3
60324,Preding,Nein,488.51,484.25,539.06,597.53,592.27,593.81,503.9,594.5,18,478.5,593,23.9
60326,Sankt Josef (Weststeiermark),Nein,326.33,343.27,330.02,330.85,323.59,310.33,333.2,321.6,-3.5,338.8,317,-6.4
60329,Sankt Peter im Sulmtal,Nein,393.3,416.62,411.08,419.74,460.1,463.21,407,447.7,10,406.5,461.7,13.6
60341,Wettmannstätten,Nein,280.26,287.94,298.58,315.1,308.85,283.43,288.9,302.5,4.7,275.3,296.1,7.6
60344,Deutschlandsberg,Ja,657.73,642.95,659.34,879.39,687.08,701.23,653.3,755.9,15.7,643.5,694.2,7.9
60345,Eibiswald,Ja,338.11,343.58,399.19,546.32,430.58,422.2,360.3,466.4,29.4,333.2,426.4,28
60346,Groß Sankt Florian,Ja,297.83,307.3,341.87,379.06,378.54,367.27,315.7,375,18.8,300.7,372.9,24
60347,Sankt Martin im Sulmtal,Ja,253.17,262.65,278.34,331.17,284.68,322.92,264.7,312.9,18.2,247.9,303.8,22.5
60348,Sankt Stefan ob Stainz,Ja,348.36,397.52,413.49,435.44,424.41,416.24,386.5,425.4,10.1,335,420.3,25.5
60349,Schwanberg,Ja,311.99,318.62,352.34,357.11,414.82,449.13,327.7,407,24.2,312.4,432,38.3
60350,Stainz,Ja,441.14,480.46,480.73,512.92,519.18,513.98,467.4,515.4,10.3,453.8,516.6,13.8
60351,Wies,Ja,527.7,527.33,566.96,663.22,553.13,565.06,540.7,593.8,9.8,520,559.1,7.5
60608,Feldkirchen bei Graz,Nein,342.86,386.67,373.59,356.35,372.35,359.39,367.7,362.7,-1.4,344.4,365.9,6.2
60611,Gössendorf,Nein,337.28,350.04,358.69,338.36,371.77,372.28,348.7,360.8,3.5,303.3,372,22.7
60613,Gratkorn,Nein,488.81,554.81,677.27,613.72,599.36,620.11,573.6,611.1,6.5,490.1,609.7,24.4
60617,Hart bei Graz,Nein,728.86,719.23,694.64,740.83,518.77,505.87,714.2,588.5,-17.6,707.8,512.3,-27.6
60618,Haselsdorf-Tobelbad,Nein,176.75,212.93,211.1,232.31,239.26,233.87,200.3,235.1,17.4,175.8,236.6,34.6
60619,Hausmannstätten,Nein,371.81,413.25,403.12,417.22,395.29,458.24,396.1,423.6,6.9,375.1,426.8,13.8
60623,Kainbach bei Graz,Nein,226.68,226.2,249.46,251.93,254.77,235.91,234.1,247.5,5.7,234.3,245.3,4.7
60624,Kalsdorf bei Graz,Nein,623.42,612.22,602.37,680.15,679.82,648.98,612.7,669.6,9.3,607.7,664.4,9.3
60626,Kumberg,Nein,292.59,282.46,306.19,312.41,320.75,302.76,293.7,312,6.2,288.1,311.8,8.2
60628,Laßnitzhöhe,Nein,476.71,466.84,467.74,474.7,459.33,497.05,470.4,477,1.4,456.4,478.2,4.8
60629,Lieboch,Nein,466.75,488.61,490.72,463.39,471.55,499.76,482,478.2,-0.8,454.8,485.7,6.8
60632,Peggau,Nein,339.23,360.44,436.71,366.4,341.11,444.63,378.8,384,1.4,482.7,392.9,-18.6
60639,Sankt Bartholomä,Nein,287.11,277.55,304.12,324.79,333.38,343.05,289.6,333.7,15.2,291.7,338.2,15.9
60641,Sankt Oswald bei Plankenwarth,Nein,361.61,366.54,374.57,371.13,414.65,450.66,367.6,412.1,12.1,355.5,432.7,21.7
60642,Sankt Radegund bei Graz,Nein,354.86,388.88,449.21,409.35,400.94,406.61,397.7,405.6,2,348.4,403.8,15.9
60645,Semriach,Nein,353.78,295.89,318.56,335.48,321.97,332.16,322.7,329.9,2.2,343.3,327.1,-4.7
60646,Stattegg,Nein,388.09,405.35,380.27,374.04,385.61,381.39,391.2,380.3,-2.8,381.8,383.5,0.4
60647,Stiwoll,Nein,311.75,300.69,301.95,340.12,312.82,348.44,304.8,333.8,9.5,308.3,330.6,7.2
60648,Thal,Nein,375.81,450.35,407.12,375.79,412.29,410.26,411.1,399.4,-2.8,373.9,411.3,10
60651,Übelbach,Nein,347.99,356.09,404.64,400.27,387.46,395.45,369.6,394.4,6.7,351.2,391.5,11.5
60653,Vasoldsberg,Nein,184.41,194.16,189.49,203.65,201.16,214.3,189.4,206.4,9,191.8,207.7,8.3
60654,Weinitzen,Nein,241.85,243.69,256.31,270.69,302.97,308.74,247.3,294.1,18.9,253.1,305.9,20.9
60655,Werndorf,Nein,503.46,526.59,516.07,564.08,540.81,543.61,515.4,549.5,6.6,516.5,542.2,5
60656,Wundschuh,Nein,321.89,352.45,372.69,350.8,388.09,393.95,349,377.6,8.2,310.9,391,25.8
60659,Deutschfeistritz,Ja,330.97,349.68,431.8,380.54,372.16,341.4,370.8,364.7,-1.6,347.9,356.8,2.6
60660,Dobl-Zwaring,Ja,317.37,343.55,349.08,378.83,401.2,385.75,336.7,388.6,15.4,310.1,393.5,26.9
60661,Eggersdorf bei Graz,Ja,294.77,324.21,368.74,339.28,341.01,386.28,329.2,355.5,8,287.1,363.6,26.6
60662,Fernitz-Mellach,Ja,412.19,448.79,551.44,477.82,478.87,478.88,470.8,478.5,1.6,410.5,478.9,16.7
60663,Frohnleiten,Ja,582.6,613.43,638.54,666.86,620.43,613.9,611.5,633.7,3.6,649.4,617.2,-5
60664,Gratwein-Straßengel,Ja,294.45,303.75,327.35,376.57,382.31,378.02,308.5,379,22.9,299,380.2,27.2
60665,Hitzendorf,Ja,261.05,286.32,303.35,293.86,278.16,283.39,283.6,285.1,0.5,259.8,280.8,8.1
60666,Nestelbach bei Graz,Ja,406.3,417.43,436.41,461.07,529.42,724.39,420,571.6,36.1,401.8,626.9,56
60667,Raaba-Grambach,Ja,605.44,654.91,669.81,706.46,637.31,732.91,643.4,692.2,7.6,650.7,685.1,5.3
60668,Sankt Marein bei Graz,Ja,324.3,368.61,414.78,530.16,393.58,433.24,369.2,452.3,22.5,320.1,413.4,29.1
60669,Seiersberg-Pirka,Ja,485.81,543.54,570.11,766.51,617.24,575.41,533.2,653.1,22.5,492.1,596.3,21.2
60670,Premstätten,Ja,495.8,527.32,572.12,545.21,578.05,546.2,531.7,556.5,4.7,504.4,562.1,11.4
61001,Allerheiligen bei Wildon,Nein,405.27,443.49,449.18,461.89,488.64,467.99,432.6,472.8,9.3,403.3,478.3,18.6
61002,Arnfels,Nein,501.43,546.97,546.69,616.91,675.26,795.11,531.7,695.8,30.9,473.6,735.2,55.2
61007,Empersdorf,Nein,238.26,277.47,212.37,220.7,219.1,237,242.7,225.6,-7,240.3,228.1,-5.1
61008,Gabersdorf,Nein,1049.8,1021.77,1063.23,1117.38,1111.08,1096.16,1044.9,1108.2,6.1,999.5,1103.6,10.4
61012,Gralla,Nein,266.7,296.59,297.12,289.31,340.54,358.46,286.8,329.4,14.9,270.5,349.5,29.2
61013,Großklein,Nein,358.34,381.43,353.06,377.82,436.14,431.49,364.3,415.2,14,351.4,433.8,23.4
61016,Heimschuh,Nein,317.62,336.46,349.8,355.62,360.46,430.09,334.6,382.1,14.2,311,395.3,27.1
61017,Hengsberg,Nein,252.33,273.24,291.35,310.35,336.97,300.87,272.3,316.1,16.1,256.3,318.9,24.4
61019,Kitzeck im Sausal,Nein,348.86,363.37,344.07,274.78,295.12,309.15,352.1,293,-16.8,359.9,302.1,-16.1
61020,Lang,Nein,286.78,304.6,300.09,320.18,301.4,327.41,297.2,316.3,6.4,283.8,314.4,10.8
61021,Lebring-Sankt Margarethen,Nein,428.92,427.86,433.64,459.41,466.96,522.76,430.1,483,12.3,444.1,494.9,11.4
61024,Oberhaag,Nein,170.26,189.54,197.44,200.02,226.33,204.39,185.7,210.2,13.2,166.5,215.4,29.4
61027,Ragnitz,Nein,338.19,383.45,326.21,319.53,321.12,387.62,349.3,342.8,-1.9,356.7,354.4,-0.6
61030,Sankt Andrä-Höch,Nein,182.64,206.23,198.93,208.94,211.36,216.11,195.9,212.1,8.3,181.4,213.7,17.8
61032,Sankt Johann im Saggautal,Nein,370.19,387.24,380.01,396.42,422.34,437.02,379.1,418.6,10.4,370.5,429.7,16
61033,Sankt Nikolai im Sausal,Nein,371.54,408.81,420,447.42,458.67,447.9,400.1,451.3,12.8,391.4,453.3,15.8
61043,Tillmitsch,Nein,267.16,308.29,268.88,285.52,360.82,367.11,281.4,337.8,20,253,364,43.9
61045,Wagna,Nein,467.81,534.46,505.87,554.71,565.04,551.34,502.7,557,10.8,475.6,558.2,17.4
61049,Ehrenhausen an der Weinstraße,Ja,453.15,486.48,592.21,724.16,543.94,538.88,510.6,602.3,18,468.7,541.4,15.5
61050,Gamlitz,Ja,401.15,398.8,434.9,509,453.93,454.47,411.6,472.5,14.8,399.5,454.2,13.7
61051,Gleinstätten,Ja,462.66,418.66,470.15,540.87,507.67,532.54,450.5,527,17,441.2,520.1,17.9
61052,Heiligenkreuz am Waasen,Ja,318.77,372.93,372.3,444.22,378.15,387.11,354.7,403.2,13.7,318.9,382.6,20
61053,Leibnitz,Ja,585.87,605.47,636.58,698.13,627.96,643.74,609.3,656.6,7.8,579,635.9,9.8
61054,Leutschach an der Weinstraße,Ja,355.02,371.52,371.84,508.08,439.12,420.82,366.1,456,24.6,337.4,430,27.4
61056,Sankt Veit in der Südsteiermark,Ja,246.02,308.57,310.2,331.19,329.46,339.14,288.3,333.3,15.6,241.5,334.3,38.4
61057,Schwarzautal,Ja,346.19,396.93,438.2,491.65,423.33,431.69,393.8,448.9,14,331.6,427.5,28.9
61058,Straß in Steiermark,Ja,396.7,420.62,439.06,476.95,394.76,440.31,418.8,437.3,4.4,410.4,417.5,1.7
61099,St. Georgen an der Stiefing / Wildon**,Ja,472.23,532.46,524.06,511.38,494.3,577.86,509.6,527.8,3.6,476.7,536.1,12.5
61101,Eisenerz,Nein,873.65,991.55,915.09,957.21,929.2,958.47,926.8,948.3,2.3,869.5,943.8,8.5
61105,Kalwang,Nein,418.62,410.81,439.05,448.04,558.19,621.58,422.8,542.6,28.3,402.5,589.9,46.6
61106,Kammern im Liesingtal,Nein,403.47,411.59,455.14,454.09,478.15,457.54,423.4,463.3,9.4,400.8,467.8,16.7
61107,Kraubath an der Mur,Nein,358.87,364.53,363.1,386,376.68,384.27,362.2,382.3,5.5,343.1,380.5,10.9
61108,Leoben,Nein,858.23,879.66,920.71,908.92,934.03,928.45,886.2,923.8,4.2,856.8,931.2,8.7
61109,Mautern in Steiermark,Nein,644.49,673.09,680.82,715.98,750.85,739.06,666.1,735.3,10.4,635.8,745,17.2
61110,Niklasdorf,Nein,540.16,614.13,620.03,608.47,588.95,583.05,591.4,593.5,0.4,528.2,586,10.9
61111,Proleb,Nein,300.57,315.75,370.22,338.98,366.25,348.69,328.8,351.3,6.8,300.5,357.5,19
61112,Radmer,Nein,257.88,240.61,318.01,298.64,317.82,351.77,272.2,322.7,18.6,242,334.8,38.3
61113,Sankt Michael in Obersteiermark,Nein,439.39,443.57,443.71,485.15,495.25,561.11,442.2,513.8,16.2,438.1,528.2,20.6
61114,Sankt Peter-Freienstein,Nein,346.47,372.02,338.35,357.85,397.24,398.88,352.3,384.7,9.2,346.8,398.1,14.8
61115,Sankt Stefan ob Leoben,Nein,325.66,341.03,341.03,375.49,377.62,380.47,335.9,377.9,12.5,324.2,379,16.9
61116,Traboch,Nein,443.35,456.15,476.35,455.25,484.94,545.12,458.6,495.1,8,445.9,515,15.5
61118,Vordernberg,Nein,523.78,573.51,573.28,543,577.26,540.59,556.9,553.6,-0.6,516.7,558.9,8.2
61119,Wald am Schoberpaß,Nein,455.57,417.4,421.66,425.19,549.47,579.19,431.5,518,20,468.8,564.3,20.4
61120,Trofaiach,Ja,522.73,582.11,552.85,541.48,585.04,576.89,552.6,567.8,2.8,510.2,581,13.9
61203,Aigen im Ennstal,Nein,349.47,363.23,347.6,360.06,369.72,354.45,353.4,361.4,2.3,341.1,362.1,6.2
61204,Altaussee,Nein,539.92,569.36,541.75,592.47,555.53,576.09,550.3,574.7,4.4,536.1,565.8,5.5
61205,Altenmarkt bei Sankt Gallen,Nein,388.65,396.86,430.24,417.77,429.97,561.53,405.2,469.8,15.9,387.7,495.8,27.9
61206,Ardning,Nein,335.3,354.15,362.41,393.4,411.7,429.51,350.6,411.5,17.4,346.8,420.6,21.3
61207,Bad Aussee,Nein,591.37,627.57,680.15,692.78,777.98,700.71,633,723.8,14.3,603.8,739.3,22.4
61213,Gröbming,Nein,668,698.86,694.56,799.69,788.81,808.39,687.1,799,16.3,661.6,798.6,20.7
61215,Grundlsee,Nein,371.97,354.65,415.95,498.47,488.38,519.17,380.9,502,31.8,364.4,503.8,38.3
61217,Haus,Nein,440.24,438.53,400.92,421.03,438.67,454.69,426.6,438.1,2.7,432.4,446.7,3.3
61222,Lassing,Nein,346.79,374.07,365.42,332.91,307.17,322.76,362.1,320.9,-11.4,352.6,315,-10.7
61236,Ramsau am Dachstein,Nein,416.31,423.17,463.29,416.9,425.5,452.6,434.3,431.7,-0.6,415.2,439.1,5.8
61243,Selzthal,Nein,486.58,524.9,516.54,552.23,538.95,572.85,509.3,554.7,8.9,477,555.9,16.5
61247,Trieben,Nein,585,607.33,581.86,542.74,548,593.02,591.4,561.3,-5.1,612.8,570.5,-6.9
61251,Wildalpen,Nein,535.75,564.79,673.86,688.2,713.51,702.35,591.5,701.4,18.6,546.9,707.9,29.4
61252,Wörschach,Nein,403.57,431.91,379.9,361.91,414.09,409.94,405.1,395.3,-2.4,387.9,412,6.2
61253,Admont,Ja,446.08,465.18,487.08,565.72,499.64,535.37,466.1,533.6,14.5,430.6,517.5,20.2
61254,Aich,Ja,306.07,317.2,350.18,319.85,287.2,338.16,324.5,315.1,-2.9,306.6,312.7,2
61255,Bad Mitterndorf,Ja,453.1,484.51,466.35,506.05,496.65,499.51,468,500.7,7,447.3,498.1,11.4
61256,Gaishorn am See,Ja,334.11,343.69,404.31,484.25,395.14,344.11,360.7,407.8,13.1,356.1,369.6,3.8
61257,Irdning-Donnersbachtal,Ja,394.28,391.52,426.6,513.55,462.8,456.42,404.1,477.6,18.2,380.9,459.6,20.7
61258,Landl,Ja,444.17,479.52,497.35,780.77,563.63,501.8,473.7,615.4,29.9,443.7,532.7,20.1
61259,Liezen,Ja,671.04,696.23,694.11,707.27,710.64,711.23,687.1,709.7,3.3,675.6,710.9,5.2
61260,Michaelerberg-Pruggern,Ja,252.65,302.2,270.35,314.28,296.4,307.42,275.1,306,11.2,253.3,301.9,19.2
61261,Mitterberg-Sankt Martin,Ja,226.82,236.06,252.26,257.92,279.81,277.75,238.4,271.8,14,233,278.8,19.7
61262,Öblarn,Ja,313.08,332.31,344.63,403.38,441.69,367.04,330,404,22.4,327.9,404.4,23.3
61263,Rottenmann,Ja,343.63,334.1,354.32,364.25,413.78,417.92,344,398.7,15.9,346.1,415.9,20.2
61264,Sankt Gallen,Ja,587.32,653.61,644.07,990.45,716.64,846.46,628.3,851.2,35.5,650.3,781.5,20.2
61265,Schladming,Ja,710.22,799.51,764.8,785.32,797.42,825.53,758.2,802.8,5.9,691.9,811.5,17.3
61266,Sölk,Ja,354.03,376.88,393.53,532.7,418.64,427.18,374.8,459.5,22.6,352.4,422.9,20
61267,Stainach-Pürgg,Ja,519.41,502.99,571.53,714.86,638.09,639.04,531.3,664,25,516.4,638.6,23.7
61410,Mühlen,Nein,338.33,330.57,349.12,398.13,347.76,355.67,339.3,367.2,8.2,357.3,351.7,-1.6
61413,Niederwölz,Nein,469.66,406.69,341.25,365.73,414.69,377.68,405.9,386,-4.9,457.6,396.2,-13.4
61425,St. Peter am Kammersberg,Nein,405.44,464.5,464.55,489.63,474.01,489.15,444.8,484.3,8.9,403.6,481.6,19.3
61428,Schöder,Nein,255.33,282.87,327.76,319.12,333.1,362.07,288.7,338.1,17.1,257.4,347.6,35
61437,Krakau,Ja,317.63,326.26,388.02,684.85,566.12,510.42,344,587.1,70.7,339.7,538.3,58.5
61438,Murau,Ja,1383.7,1413.85,1468.65,1551.59,1552.83,1574.62,1422.1,1559.7,9.7,1372.5,1563.7,13.9
61439,Neumarkt in der Steiermark,Ja,417.04,430.48,464.51,559.98,498.22,534.34,437.3,530.8,21.4,408.7,516.3,26.3
61440,Oberwölz,Ja,652.73,689.22,776.11,1024.3,919.4,926.14,706,956.6,35.5,651.8,922.8,41.6
61441,Ranten,Ja,360.69,398.4,369.09,555.88,448.53,404.45,376.1,469.6,24.9,378.9,426.5,12.6
61442,Sankt Georgen am Kreischberg,Ja,254.48,333.51,344.41,435.91,459.38,477.95,310.8,457.7,47.3,262.3,468.7,78.7
61443,Sankt Lambrecht,Ja,288.51,329.53,350.43,607.65,386.67,398.71,322.8,464.3,43.8,286.1,392.7,37.3
61444,Scheifling,Ja,696.96,658.26,652.12,705.48,676.01,689.56,669.1,690.4,3.2,692.5,682.8,-1.4
61445,Stadl-Predlitz,Ja,411.4,442.92,527.53,518.13,556.44,508.87,460.6,527.8,14.6,420.8,532.7,26.6
61446,Teufenbach-Katsch,Ja,604.33,590.14,663.11,914.47,1022.23,1120.68,619.2,1019.1,64.6,604.7,1071.5,77.2
61611,Krottendorf-Gaisfeld,Nein,246.77,260.46,266.2,283.37,300.26,276.68,257.8,286.8,11.2,246.2,288.5,17.2
61612,Ligist,Nein,507.17,493.22,504.82,531.47,493.89,507.08,501.7,510.8,1.8,486,500.5,3
61615,Mooskirchen,Nein,287.73,304.78,363.01,340.13,347.12,397.64,318.5,361.6,13.5,297.4,372.4,25.2
61618,Rosental an der Kainach,Nein,427.77,450.31,453.83,407.75,452.38,463.39,444,441.2,-0.6,446.1,457.9,2.6
61621,Sankt Martin am Wöllmißberg,Nein,291.11,323.14,332.48,401.35,321.79,362.81,315.6,362,14.7,280.8,342.3,21.9
61624,Stallhofen,Nein,304.01,291.94,305.19,323.48,345.19,340.73,300.4,336.5,12,310.2,343,10.6
61625,Voitsberg,Nein,448.27,445.84,458.89,474.52,465.93,486.9,451,475.8,5.5,448.7,476.4,6.2
61626,Bärnbach,Ja,471.98,469.49,520.78,733.36,602.78,562.34,487.4,632.8,29.8,470.7,582.6,23.8
61627,Edelschrott,Ja,364.06,405.4,415.34,577.08,599.95,582.22,394.9,586.4,48.5,366.9,591.1,61.1
61628,Geistthal-Södingberg,Ja,330.51,348.93,394.33,442.82,424.62,435.31,357.9,434.2,21.3,324.4,430,32.6
61629,Hirschegg-Pack,Ja,373.06,369.82,393.88,397.68,424.4,449.83,378.9,424,11.9,359.7,437.1,21.5
61630,Kainach bei Voitsberg,Ja,313.24,330.86,354.1,218.45,222.8,247,332.7,229.4,-31,309.4,234.9,-24.1
61631,Köflach,Ja,633,635.48,639.83,654.08,644.43,662.43,636.1,653.6,2.8,629.4,653.4,3.8
61632,Maria Lankowitz,Ja,460.9,433.6,513.22,596.48,531.2,467.46,469.2,531.7,13.3,446.5,499.3,11.8
61633,Söding-Sankt Johann,Ja,247.64,260.78,291.78,248.17,374.46,263.16,266.7,295.3,10.7,268.8,318.8,18.6
61701,Albersdorf-Prebuch,Nein,475.88,510.19,545.66,576.14,565.53,634.24,510.6,592,15.9,455.7,599.9,31.6
61708,Fischbach,Nein,222.12,220.24,243.61,236.08,250.19,229.21,228.7,238.5,4.3,215.2,239.7,11.4
61710,Floing,Nein,261.98,255.63,236.74,235.89,279.29,291.63,251.5,268.9,6.9,253.8,285.5,12.5
61711,Gasen,Nein,286.76,299.61,328.41,320.95,398.35,404.2,304.9,374.5,22.8,327.5,401.3,22.5
61716,Markt Hartmannsdorf,Nein,310.93,321.39,334.97,334.53,344.95,377.72,322.4,352.4,9.3,321,361.3,12.6
61719,Hofstätten an der Raab,Nein,284.16,299.54,310.72,346.62,396.33,480.93,298.1,408,36.9,289,438.6,51.8
61727,Ludersdorf-Wilfersdorf,Nein,232.33,232.06,217.92,252.8,267.72,270.79,227.4,263.8,16,223.2,269.3,20.7
61728,Miesenbach bei Birkfeld,Nein,380.11,398.84,445.37,419.07,443.21,433.46,408.1,431.9,5.8,390.6,438.3,12.2
61729,Mitterdorf an der Raab,Nein,255.39,272.52,271.57,274.92,278.99,297.61,266.5,283.8,6.5,233.6,288.3,23.4
61730,Mortantsch,Nein,298.48,293.96,335.82,288.34,338.32,380.42,309.4,335.7,8.5,248.3,359.4,44.7
61731,Naas,Nein,245.97,269.37,277.82,303.69,284.21,296.75,264.4,294.9,11.5,227.9,290.5,27.5
61740,Puch bei Weiz,Nein,368.37,343.65,330.76,347.56,341,344.22,347.6,344.3,-0.9,350.8,342.6,-2.3
61741,Ratten,Nein,445.53,517.12,472.47,443.45,540.25,553.35,478.4,512.4,7.1,469.7,546.8,16.4
61743,Rettenegg,Nein,382.58,391.47,401.75,398.33,415.25,457.38,391.9,423.7,8.1,388.8,436.3,12.2
61744,St. Kathrein am Hauenstein,Nein,711.36,492.19,480.98,489.75,507.36,551.35,561.5,516.2,-8.1,581.7,529.4,-9
61745,Sankt Kathrein am Offenegg,Nein,229.01,240.97,270.28,319.79,348.38,368.04,246.8,345.4,40,228.8,358.2,56.6
61746,St. Margarethen an der Raab,Nein,292.55,333.71,293.3,293.37,297.24,309.82,306.5,300.1,-2.1,282.3,303.5,7.5
61748,Sinabelkirchen,Nein,330.62,356.26,394.78,365.24,396.22,415.5,360.6,392.3,8.8,333.6,405.9,21.7
61750,Strallegg,Nein,263.83,255.05,258.51,252.28,253.35,236.17,259.1,247.3,-4.6,242.4,244.8,1
61751,Thannhausen,Nein,266.53,273.24,280.71,303.5,317.93,322.52,273.5,314.7,15.1,272,320.2,17.7
61756,Anger,Ja,324.93,350.43,393.3,430.45,404.01,418.81,356.2,417.8,17.3,334.1,411.4,23.1
61757,Birkfeld,Ja,489.76,531.83,588.16,621.17,559.87,598.55,536.6,593.2,10.5,474.4,579.2,22.1
61758,Fladnitz an der Teichalm,Ja,274.75,280.41,321.77,327.67,342.54,302.68,292.3,324.3,10.9,267.4,322.6,20.6
61759,Gersdorf an der Feistritz,Ja,314.52,246.94,289.86,340.96,314.87,349.62,283.8,335.1,18.1,311,332.2,6.8
61760,Gleisdorf,Ja,801.62,824.72,853.88,886.58,883.08,816.19,826.7,862,4.3,815,849.6,4.2
61761,Gutenberg-Stenzengreith,Ja,272.05,334.41,314.21,352.29,308.29,309.53,306.9,323.4,5.4,269.2,308.9,14.7
61762,Ilztal,Ja,269.31,254.8,307.42,294.02,382.97,387.32,277.2,354.8,28,268.4,385.1,43.5
61763,Passail,Ja,433.75,534.56,507.77,535.15,528.69,527.34,492,530.4,7.8,434.9,528,21.4
61764,Pischelsdorf am Kulm,Ja,372.3,407.92,418.12,434.84,431.92,445.82,399.4,437.5,9.5,374.1,438.9,17.3
61765,Sankt Ruprecht an der Raab,Ja,340.87,355.76,402.81,387.92,397.2,452.06,366.5,412.4,12.5,338.6,424.6,25.4
61766,Weiz,Ja,868.64,878.39,912.33,924.68,1019.11,1084.51,886.5,1009.4,13.9,874.8,1051.8,20.2
62007,Fohnsdorf,Nein,517.67,507.13,514.9,534.65,571.51,577.32,513.2,561.2,9.4,529.1,574.4,8.6
62008,Gaal,Nein,350.37,389.16,336.02,378.17,409.47,397.02,358.5,394.9,10.2,359.6,403.2,12.1
62010,Hohentauern,Nein,589.17,661.07,633.26,640.83,691.62,588.33,627.8,640.3,2,591.2,640,8.3
62014,Kobenz,Nein,346.19,302.29,306.44,338.53,377.72,381.7,318.3,366,15,313.2,379.7,21.2
62021,Pusterwald,Nein,293.91,366.56,343.83,374.85,376.98,378.75,334.8,376.9,12.6,285,377.9,32.6
62026,Sankt Georgen ob Judenburg,Nein,386.98,396.36,419.44,451.77,447.05,507.42,400.9,468.7,16.9,378.9,477.2,25.9
62032,Sankt Peter ob Judenburg,Nein,228.73,251.91,266.51,268.62,266.6,300.53,249,278.6,11.9,228.8,283.6,24
62034,Seckau,Nein,311.06,342.04,307.96,328.78,386.9,347.15,320.4,354.3,10.6,307.9,367,19.2
62036,Unzmarkt-Frauenburg,Nein,272.68,293.94,289.85,302.33,313.3,313.08,285.5,309.6,8.4,279,313.2,12.3
62038,Zeltweg,Nein,656.56,671.95,669.97,687.15,708.14,718.2,666.2,704.5,5.7,641.3,713.2,11.2
62039,Lobmingtal,Ja,282.91,291.31,377.88,369.12,358.04,400.41,317.4,375.9,18.4,272.8,379.2,39
62040,Judenburg,Ja,808.59,875.93,863.09,1246.24,765.99,785.41,849.2,932.5,9.8,818.6,775.7,-5.2
62041,Knittelfeld,Ja,683.22,709.27,728.51,734.49,717.4,714.8,707,722.2,2.1,679.2,716.1,5.4
62042,Obdach,Ja,353.82,410.19,414.88,481.22,459.26,440.03,393,460.2,17.1,352.2,449.6,27.7
62043,Pöls-Oberkurzheim,Ja,457.05,467.58,441.61,535.93,461.48,449.49,455.4,482.3,5.9,472.2,455.5,-3.5
62044,Pölstal,Ja,368.68,377.46,417.11,515.98,427.52,465.44,387.8,469.6,21.1,357.7,446.5,24.8
62045,Sankt Marein-Feistritz,Ja,344.84,310.53,292.42,360.28,324.1,335.39,315.9,339.9,7.6,334.6,329.7,-1.5
62046,Sankt Margarethen bei Knittelfeld,Ja,294.95,308.95,342.78,373.29,363.14,342.88,315.6,359.8,14,296.5,353,19.1
62047,Spielberg,Ja,408.78,417.46,445.51,485.4,496.68,510.59,423.9,497.6,17.4,401.9,503.6,25.3
62048,Weißkirchen in Steiermark,Ja,222.7,243.81,244.54,291.02,287.25,298.28,237,292.2,23.3,219.6,292.8,33.3
62105,Breitenau am Hochlantsch,Nein,489.42,528.61,539.4,505.9,509.01,513.61,519.1,509.5,-1.8,478,511.3,7
62115,Krieglach,Nein,581.28,595.15,605.14,641.3,633.4,618.45,593.9,631,6.2,577,625.9,8.5
62116,Langenwang,Nein,250.97,281.45,285.48,291.31,303.24,322.94,272.6,305.8,12.2,250.1,313.1,25.2
62125,Pernegg an der Mur,Nein,346.66,328.04,339.31,341.76,346.76,338.32,338,342.3,1.3,337.6,342.5,1.5
62128,Sankt Lorenzen im Mürztal,Nein,229.63,237.81,257.35,265.65,273.37,268.65,241.6,269.2,11.4,230.2,271,17.7
62131,Spital am Semmering,Nein,412.47,449.24,486.99,472.72,412.34,483.32,449.6,456.1,1.4,446.6,447.8,0.3
62132,Stanz im Mürztal,Nein,290.03,323.07,335.47,310.15,332.58,396.67,316.2,346.5,9.6,292.3,364.6,24.7
62135,Turnau,Nein,433.2,436.18,437.22,460.3,475.54,453.51,435.5,463.1,6.3,425.1,464.5,9.3
62138,Aflenz,Ja,344.4,349.54,378.26,614.83,374.31,382.66,357.4,457.3,28,336.6,378.5,12.4
62139,Bruck an der Mur,Ja,721.13,768.48,796.49,862.61,823.47,824.09,762,836.7,9.8,740.7,823.8,11.2
62140,Kapfenberg,Ja,631.75,665.44,682.59,654.96,673.28,667.81,659.9,665.4,0.8,627.9,670.5,6.8
62141,Kindberg,Ja,491.42,535.78,556.24,521.54,543.94,557.25,527.8,540.9,2.5,477.3,550.6,15.4
62142,Mariazell,Ja,603.69,622.84,637.66,865.39,664.52,631.14,621.4,720.3,15.9,604.7,647.8,7.1
62143,Mürzzuschlag,Ja,859.44,866.52,886.21,903.77,878,927.52,870.7,903.1,3.7,835.3,902.8,8.1
62144,Neuberg an der Mürz,Ja,447.4,445.36,525.39,602.65,518.44,578.76,472.7,566.6,19.9,449.5,548.6,22
62145,Sankt Barbara im Mürztal,Ja,423.31,449.01,481.82,644.23,444.76,483.58,451.4,524.2,16.1,414.8,464.2,11.9
62146,Sankt Marein im Mürztal,Ja,401.58,424.64,417.9,470.86,451.51,483.31,414.7,468.6,13,395.1,467.4,18.3
62147,Thörl,Ja,529.05,519.19,536.59,661.9,548.11,525.82,528.3,578.6,9.5,512.6,537,4.8
62148,Tragöß-Sankt Katharein,Ja,448.13,446.84,486.03,586.16,470.67,463.85,460.3,506.9,10.1,454.7,467.3,2.8
62202,Bad Blumau,Nein,315.78,351.69,375.37,341.61,365.24,328.85,347.6,345.2,-0.7,329.7,347,5.2
62205,Buch-St. Magdalena,Ja,394.6,362.26,364.42,406.97,363.42,391.33,373.8,387.2,3.6,369.9,377.4,2
62206,Burgau,Nein,412.65,437.52,397.44,461.98,446.16,492.66,415.9,466.9,12.3,415.6,469.4,12.9
62209,Ebersdorf,Nein,381.59,382.92,389.67,319.93,334.95,375.82,384.7,343.6,-10.7,367.5,355.4,-3.3
62211,Friedberg,Nein,420.55,466.88,431.5,482.07,481.1,543.24,439.6,502.1,14.2,423,512.2,21.1
62214,Greinbach,Nein,346.63,343.98,353.73,360.32,367.52,364.98,348.1,364.3,4.7,341.1,366.2,7.4
62216,Großsteinbach,Nein,270.75,301.38,333.42,307.09,355.98,357.37,301.8,340.1,12.7,274.2,356.7,30.1
62219,Hartberg,Nein,892.34,1076.68,1130.4,1130.72,1093.51,1085.15,1033.1,1103.1,6.8,904.1,1089.3,20.5
62220,Hartberg Umgebung,Nein,390.13,422.94,323.95,380.72,382.67,370.95,379,378.1,-0.2,453.2,376.8,-16.9
62226,Lafnitz,Nein,503.69,500.74,503.85,431.91,453.61,455.88,502.8,447.1,-11.1,491.8,454.7,-7.5
62232,Ottendorf an der Rittschein,Nein,343.91,354.73,355.95,348.66,349.03,393.84,351.5,363.8,3.5,332.3,371.4,11.8
62233,Pinggau,Nein,443.81,439.45,429.15,445.71,468.73,482.55,437.5,465.7,6.4,423.5,475.6,12.3
62235,Pöllauberg,Nein,243.58,233.45,247.59,268.99,297.43,293.81,241.5,286.7,18.7,240.9,295.6,22.7
62242,Sankt Jakob im Walde,Nein,284.23,278.77,306.26,302.34,323.3,325.32,289.8,317,9.4,272.6,324.3,19
62244,Sankt Johann in der Haide,Nein,301.99,291.4,309.93,308.07,327.39,328.86,301.1,321.4,6.7,287,328.1,14.3
62245,Sankt Lorenzen am Wechsel,Nein,277.05,261.62,298.6,311.15,332.35,323.03,279.1,322.2,15.4,277.6,327.7,18
62247,Schäffern,Nein,254.92,278.1,296.09,323.01,308.95,315.27,276.4,315.7,14.2,241.8,312.1,29.1
62252,Söchau,Nein,338.21,370.42,436.38,482.13,499.78,429.78,381.7,470.6,23.3,346.8,464.8,34
62256,Stubenberg,Nein,266.39,312.78,350.88,308.47,333.69,417.92,310,353.4,14,259.8,375.8,44.6
62262,Wenigzell,Nein,329.85,359.29,361.48,370.73,397.36,401.23,350.2,389.8,11.3,331.1,399.3,20.6
62266,Feistritztal,Ja,242.48,242.05,310,316.47,280.75,276.86,264.8,291.4,10,243,278.8,14.7
62267,Fürstenfeld,Ja,562.61,599.21,663.9,723.17,661.11,673.18,608.6,685.8,12.7,550.9,667.1,21.1
62268,Grafendorf bei Hartberg,Ja,275.63,308.55,290.91,447.57,349.54,313.95,291.7,370.4,27,270.9,331.7,22.4
62269,Großwilfersdorf,Ja,421.1,436.62,490.56,547.33,449.2,426.91,449.4,474.5,5.6,415.2,438.1,5.5
62270,Hartl,Ja,193.46,231.41,229.37,258.14,232.72,230.36,218.1,240.4,10.2,202.1,231.5,14.5
62271,Ilz,Ja,506.56,561.4,613.48,608.52,649.04,613.52,560.5,623.7,11.3,496.2,631.3,27.2
62272,Kaindorf,Ja,314.13,318.58,325.83,406.33,446.16,444.02,319.5,432.2,35.3,302.5,445.1,47.1
62273,Loipersdorf bei Fürstenfeld,Ja,465.9,473.18,492.68,556.4,438.55,469.35,477.3,488.1,2.3,455.3,454,-0.3
62275,Pöllau,Ja,472.21,495.98,531.21,543.01,601.52,586.99,499.8,577.2,15.5,457.4,594.3,29.9
62276,Rohr bei Hartberg,Ja,294.86,288.51,298.33,469.23,409.77,342,293.9,407,38.5,288.6,375.9,30.2
62278,Vorau,Ja,279.2,288.83,307.83,284.07,296.09,311.64,292,297.3,1.8,273.9,303.9,11
62279,Waldbach-Mönichwald,Ja,397.63,403.15,416.83,559.77,508.19,440.27,405.9,502.7,23.8,385.8,474.2,22.9
62298,Bad Waltersdorf / Neudau**,Ja,780.04,780.48,816.1,816.78,841.72,846.78,792.2,835.1,5.4,756.2,844.2,11.6
62299,Dechantskirchen / Rohrbach an der Lafnitz**,Ja,280.1,286.22,290.73,313.67,304.82,341.12,285.7,319.9,12,264.5,323,22.1
62311,Edelsbach bei Feldbach,Nein,185.6,219.48,229.93,171.86,185.64,190.49,211.7,182.7,-13.7,188.1,188.1,0
62314,Eichkögl,Nein,260.78,303.76,304.76,293.74,308.68,336.71,289.8,313,8,256.1,322.7,26
62326,Halbenrain,Nein,256.29,262.66,323.01,313.22,310.54,312.17,280.7,312,11.2,251.2,311.4,24
62330,Jagerberg,Nein,272.22,317.71,321.09,375.39,358.19,364.88,303.7,366.2,20.6,269.6,361.5,34.1
62332,Kapfenstein,Nein,299.21,335.96,310.54,321.79,326.46,367.25,315.2,338.5,7.4,295,346.9,17.6
62335,Klöch,Nein,410.22,438.06,381.79,404.53,405.83,413.54,410,408,-0.5,464.4,409.7,-11.8
62343,Mettersdorf am Saßbach,Nein,306.67,344.42,375.95,408.54,408,421.96,342.3,412.8,20.6,311.7,415,33.1
62347,Murfeld,Nein,261.53,274.76,277.37,278.65,330.8,374.74,271.2,328.1,21,268.3,352.8,31.5
62368,Tieschen,Nein,305.53,363.74,381.91,368.74,423.98,443.36,350.4,412,17.6,313.7,433.7,38.3
62372,Unterlamm,Nein,231.59,238.37,242.69,248.17,262.4,219.12,237.6,243.2,2.4,231.6,240.8,4
62375,Bad Gleichenberg,Ja,523.53,546.83,609.68,696.02,654.49,659.43,560,670,19.6,547.6,657,20
62376,Bad Radkersburg,Ja,935.21,958.03,1009.13,1258.37,1062.61,1124.34,967.5,1148.4,18.7,952.5,1093.5,14.8
62377,Deutsch Goritz,Ja,365.38,335.15,368.13,398.49,353.74,364.95,356.2,372.4,4.5,356.7,359.3,0.7
62378,Fehring,Ja,451.14,463.54,484.17,546.62,521.78,535.23,466.3,534.5,14.6,448.2,528.5,17.9
62379,Feldbach,Ja,587.1,609.69,631.94,742.03,644.66,668.86,609.6,685.2,12.4,578.2,656.8,13.6
62380,Gnas*,Ja,397.94,418.43,492.31,711.63,493.68,509.88,436.2,571.7,31.1,413,501.8,21.5
62381,Kirchbach-Zerlach,Ja,330.64,328.72,392,494.21,321.62,325.93,350.5,380.6,8.6,314.6,323.8,2.9
62382,Kirchberg an der Raab*,Ja,283.13,310.04,335.55,326.95,340.36,355.2,309.6,340.8,10.1,287,347.8,21.2
62383,Mureck,Ja,744.02,755.49,757.59,1091.91,707.64,751.62,752.4,850.4,13,719.1,729.6,1.5
62384,Paldau*,Ja,231.59,233.77,257.37,326.76,311.01,338.13,240.9,325.3,35,227.1,324.6,42.9
62385,Pirching am Traubenberg,Ja,298.1,324.94,350.87,380.82,363.52,375.15,324.6,373.2,15,306.2,369.3,20.6
62386,Riegersburg,Ja,265.78,302.96,336.66,459.86,421.67,421,301.8,434.2,43.9,263,421.3,60.2
62387,Sankt Anna am Aigen,Ja,393.97,329.17,385.38,359.59,362.47,363.71,369.5,361.9,-2.1,355.6,363.1,2.1
62388,Sankt Peter am Ottersbach,Ja,364.58,389.02,436.4,519.27,430.78,504.75,396.7,484.9,22.2,358.9,467.8,30.3
62389,Sankt Stefan im Rosental,Ja,441.14,460.85,488.83,506.85,491.95,535.74,463.6,511.5,10.3,444.1,513.8,15.7
62390,Straden,Ja,367.53,383.9,396.17,466.51,383.86,384.16,382.5,411.5,7.6,346.9,384,10.7
