wahl,gkz,name,gsrbetr,key,2010,2015,diff_pct,gemraete_2010,gemraete_2015
ltw,60305,Frauental an der Laßnitz,Nein,wahleinfluss,0.006206040546131568,0.006347862886161659,2.2852306390181987,15,15
ltw,60318,Lannach,Nein,wahleinfluss,0.007757665312153676,0.0076670317634173054,-1.1683096020445483,21,21
ltw,60323,Pölfing-Brunn,Nein,wahleinfluss,0.01060070671378092,0.010783608914450037,1.7253774263120025,15,15
ltw,60324,Preding,Nein,wahleinfluss,0.010668563300142247,0.010402219140083218,-2.49653259361996,15,15
ltw,60326,Sankt Josef (Weststeiermark),Nein,wahleinfluss,0.013123359580052493,0.012594458438287154,-4.030226700251882,15,15
ltw,60329,Sankt Peter im Sulmtal,Nein,wahleinfluss,0.013774104683195593,0.013477088948787063,-2.156334231805923,15,15
ltw,60341,Wettmannstätten,Nein,wahleinfluss,0.012,0.011737089201877934,-2.1909233176838905,15,15
ltw,60344,Deutschlandsberg,Ja,wahleinfluss,0.008217104551843442,0.003344120819848975,-59.30292965423267,76,31
ltw,60345,Eibiswald,Ja,wahleinfluss,0.013703443429374561,0.00451997830410414,-67.01574806799901,78,25
ltw,60346,Groß Sankt Florian,Ja,wahleinfluss,0.008363534987454697,0.006017191977077364,-28.054441260744976,30,21
ltw,60347,Sankt Martin im Sulmtal,Ja,wahleinfluss,0.011189854531891086,0.008073817762399077,-27.846981930026928,30,21
ltw,60348,Sankt Stefan ob Stainz,Ja,wahleinfluss,0.012888301387970919,0.0070234113712374585,-45.505531258039625,39,21
ltw,60349,Schwanberg,Ja,wahleinfluss,0.01176759009561167,0.00546448087431694,-53.563296903460845,48,21
ltw,60350,Stainz,Ja,wahleinfluss,0.012221737232649499,0.003548112404200965,-70.9688374356271,84,25
ltw,60351,Wies,Ja,wahleinfluss,0.01102072946733141,0.005686433793663688,-48.40238288654211,42,21
ltw,60608,Feldkirchen bei Graz,Nein,wahleinfluss,0.005976571838393498,0.005745805561939784,-3.8611813376235316,25,25
ltw,60611,Gössendorf,Nein,wahleinfluss,0.007177033492822967,0.006937561942517344,-3.3366369342583413,21,21
ltw,60613,Gratkorn,Nein,wahleinfluss,0.004209462872537464,0.004048582995951417,-3.821862348178129,25,25
ltw,60617,Hart bei Graz,Nein,wahleinfluss,0.005900533857825232,0.0057439824945295405,-2.653172866520792,21,21
ltw,60618,Haselsdorf-Tobelbad,Nein,wahleinfluss,0.013686131386861315,0.013550135501355014,-0.9936766034327027,15,15
ltw,60619,Hausmannstätten,Nein,wahleinfluss,0.00651890482398957,0.006329113924050633,-2.9113924050632956,15,15
ltw,60623,Kainbach bei Graz,Nein,wahleinfluss,0.006843065693430657,0.0066166740185266875,-3.30833700926334,15,15
ltw,60624,Kalsdorf bei Graz,Nein,wahleinfluss,0.005652272213429799,0.005451373746184038,-3.5542956825119987,25,25
ltw,60626,Kumberg,Nein,wahleinfluss,0.007407407407407408,0.00702576112412178,-5.152224824355978,21,21
ltw,60628,Laßnitzhöhe,Nein,wahleinfluss,0.006781193490054249,0.006808896958692692,0.4085338175215725,15,15
ltw,60629,Lieboch,Nein,wahleinfluss,0.005649717514124294,0.005348955680081508,-5.323484462557304,21,21
ltw,60632,Peggau,Nein,wahleinfluss,0.009085402786190187,0.008849557522123894,-2.59587020648967,15,15
ltw,60639,Sankt Bartholomä,Nein,wahleinfluss,0.013321492007104795,0.013134851138353765,-1.4010507880910628,15,15
ltw,60641,Sankt Oswald bei Plankenwarth,Nein,wahleinfluss,0.015479876160990712,0.01447876447876448,-6.46718146718146,15,15
ltw,60642,Sankt Radegund bei Graz,Nein,wahleinfluss,0.00906344410876133,0.008726003490401396,-3.7230948225712712,15,15
ltw,60645,Semriach,Nein,wahleinfluss,0.008092485549132947,0.008098727342846125,0.07713073659854075,21,21
ltw,60646,Stattegg,Nein,wahleinfluss,0.0068997240110395585,0.006666666666666667,-3.3777777777777684,15,15
ltw,60647,Stiwoll,Nein,wahleinfluss,0.015306122448979591,0.014950166112956811,-2.3255813953488302,9,9
ltw,60648,Thal,Nein,wahleinfluss,0.008465011286681716,0.008542141230068337,0.9111617312072884,15,15
ltw,60651,Übelbach,Nein,wahleinfluss,0.008928571428571428,0.008912655971479501,-0.17825311942958333,15,15
ltw,60653,Vasoldsberg,Nein,wahleinfluss,0.006152944623498389,0.005908835115362971,-3.9673607203151384,21,21
ltw,60654,Weinitzen,Nein,wahleinfluss,0.007246376811594203,0.007062146892655367,-2.5423728813559365,15,15
ltw,60655,Werndorf,Nein,wahleinfluss,0.008726003490401396,0.00859106529209622,-1.546391752577314,15,15
ltw,60656,Wundschuh,Nein,wahleinfluss,0.0125,0.012315270935960592,-1.4778325123152691,15,15
ltw,60659,Deutschfeistritz,Ja,wahleinfluss,0.008973975471133712,0.006377163680534467,-28.93713938657758,30,21
ltw,60660,Dobl-Zwaring,Ja,wahleinfluss,0.011746280344557557,0.008018327605956471,-31.737304314623916,30,21
ltw,60661,Eggersdorf bei Graz,Ja,wahleinfluss,0.01168679392286716,0.004829984544049459,-58.6714322514168,60,25
ltw,60662,Fernitz-Mellach,Ja,wahleinfluss,0.010061486864169928,0.005564387917329093,-44.696166754990294,36,21
ltw,60663,Frohnleiten,Ja,wahleinfluss,0.007645803698435277,0.004517528008673654,-40.91493599818459,43,25
ltw,60664,Gratwein-Straßengel,Ja,wahleinfluss,0.007531463680507383,0.003035941631573793,-59.68988552077481,76,31
ltw,60665,Hitzendorf,Ja,wahleinfluss,0.009089288896809837,0.0044014084507042256,-51.57587682960507,51,25
ltw,60666,Nestelbach bei Graz,Ja,wahleinfluss,0.015306122448979591,0.00684931506849315,-55.25114155251142,33,15
ltw,60667,Raaba-Grambach,Ja,wahleinfluss,0.010033444816053512,0.006607929515418502,-34.140969162995596,30,21
ltw,60668,Sankt Marein bei Graz,Ja,wahleinfluss,0.013406668958404951,0.00711623178583531,-46.92020957693611,39,21
ltw,60669,Seiersberg-Pirka,Ja,wahleinfluss,0.005676209279368213,0.0037745038353829293,-33.50308895229727,46,31
ltw,60670,Premstätten,Ja,wahleinfluss,0.008906481939633844,0.005548158011540169,-37.70651477042954,36,25
ltw,61001,Allerheiligen bei Wildon,Nein,wahleinfluss,0.01272264631043257,0.012711864406779662,-0.08474576271184642,15,15
ltw,61002,Arnfels,Nein,wahleinfluss,0.017241379310344827,0.018495684340320593,7.274969173859436,15,15
ltw,61007,Empersdorf,Nein,wahleinfluss,0.013623978201634877,0.013686131386861315,0.45620437956204185,15,15
ltw,61008,Gabersdorf,Nein,wahleinfluss,0.01687289088863892,0.016592920353982302,-1.65929203539823,15,15
ltw,61012,Gralla,Nein,wahleinfluss,0.009253547193090685,0.00869061413673233,-6.083429895712622,15,15
ltw,61013,Großklein,Nein,wahleinfluss,0.007995735607675906,0.008021390374331552,0.3208556149732589,15,15
ltw,61016,Heimschuh,Nein,wahleinfluss,0.009357454772301934,0.00906344410876133,-3.1419939577039147,15,15
ltw,61017,Hengsberg,Nein,wahleinfluss,0.013440860215053764,0.013100436681222707,-2.532751091703067,15,15
ltw,61019,Kitzeck im Sausal,Nein,wahleinfluss,0.014436958614051972,0.014577259475218658,0.9718172983479212,15,15
ltw,61020,Lang,Nein,wahleinfluss,0.015,0.014940239043824702,-0.3984063745019806,15,15
ltw,61021,Lebring-Sankt Margarethen,Nein,wahleinfluss,0.009305210918114143,0.00900360144057623,-3.2412965186074394,15,15
ltw,61024,Oberhaag,Nein,wahleinfluss,0.007878151260504201,0.008183306055646482,3.873431533006011,15,15
ltw,61027,Ragnitz,Nein,wahleinfluss,0.011980830670926517,0.012264922322158627,2.3712183156173516,15,15
ltw,61030,Sankt Andrä-Höch,Nein,wahleinfluss,0.0101763907734057,0.0101763907734057,0,15,15
ltw,61032,Sankt Johann im Saggautal,Nein,wahleinfluss,0.008581235697940504,0.008700696055684454,1.39211136890951,15,15
ltw,61033,Sankt Nikolai im Sausal,Nein,wahleinfluss,0.008060182697474477,0.007961783439490446,-1.220806794055207,15,15
ltw,61043,Tillmitsch,Nein,wahleinfluss,0.00798782807151008,0.0078125,-2.1949404761904767,21,21
ltw,61045,Wagna,Nein,wahleinfluss,0.006005284650492433,0.0057273768613974796,-4.62772050400917,25,25
ltw,61049,Ehrenhausen an der Weinstraße,Ja,wahleinfluss,0.02032913843175218,0.007313505607020965,-64.02451765689212,42,15
ltw,61050,Gamlitz,Ja,wahleinfluss,0.011273957158962795,0.007803790412486065,-30.780379041248594,30,21
ltw,61051,Gleinstätten,Ja,wahleinfluss,0.012552301255230125,0.006443298969072165,-48.66838487972509,30,15
ltw,61052,Heiligenkreuz am Waasen,Ja,wahleinfluss,0.011455847255369928,0.006799637352674524,-40.64483227561196,24,15
ltw,61053,Leibnitz,Ja,wahleinfluss,0.005491426650229743,0.00335461530137431,-38.91177074660618,49,31
ltw,61054,Leutschach an der Weinstraße,Ja,wahleinfluss,0.015132408575031526,0.00681375730045425,-54.97242050616483,48,21
ltw,61055,Sankt Georgen an der Stiefing,Ja,wahleinfluss,NA,0.012224938875305624,NA,NA,15
ltw,61056,Sankt Veit in der Südsteiermark,Ja,wahleinfluss,0.013778322106552358,0.00631768953068592,-54.14761331728841,45,21
ltw,61057,Schwarzautal,Ja,wahleinfluss,0.02278481012658228,0.00791974656810982,-65.2411122844069,45,15
ltw,61058,Straß in Steiermark,Ja,wahleinfluss,0.012958963282937365,0.0056634304207119745,-56.297195253505926,48,21
ltw,61059,Wildon,Ja,wahleinfluss,NA,0.0060444874274661504,NA,NA,25
ltw,61101,Eisenerz,Nein,wahleinfluss,0.005609154139555755,0.005427759110881365,-3.2339105712070215,25,21
ltw,61105,Kalwang,Nein,wahleinfluss,0.01675977653631285,0.01773049645390071,5.791962174940912,15,15
ltw,61106,Kammern im Liesingtal,Nein,wahleinfluss,0.010830324909747292,0.01098901098901099,1.4652014652014822,15,15
ltw,61107,Kraubath an der Mur,Nein,wahleinfluss,0.013477088948787063,0.013599274705349048,0.906618313689922,15,15
ltw,61108,Leoben,Nein,wahleinfluss,0.0015896620686118661,0.0016249934476070661,2.222571683178698,31,31
ltw,61109,Mautern in Steiermark,Nein,wahleinfluss,0.009363295880149813,0.009986684420772303,6.657789613848197,15,15
ltw,61110,Niklasdorf,Nein,wahleinfluss,0.007119126720455624,0.007313505607020965,2.7303754266211566,15,15
ltw,61111,Proleb,Nein,wahleinfluss,0.01059322033898305,0.011202389843166542,5.750560119492154,15,15
ltw,61112,Radmer,Nein,wahleinfluss,0.014754098360655738,0.016574585635359115,12.338858195211788,9,9
ltw,61113,Sankt Michael in Obersteiermark,Nein,wahleinfluss,0.008190327613104524,0.008526187576126675,4.100690215184732,21,21
ltw,61114,Sankt Peter-Freienstein,Nein,wahleinfluss,0.007444168734491315,0.007696254489481785,3.3863519753719817,15,15
ltw,61115,Sankt Stefan ob Leoben,Nein,wahleinfluss,0.00889152341434499,0.009236453201970444,3.8793103448276023,15,15
ltw,61116,Traboch,Nein,wahleinfluss,0.012776831345826235,0.012776831345826235,0,15,15
ltw,61118,Vordernberg,Nein,wahleinfluss,0.01567398119122257,0.017921146953405017,14.336917562724016,15,15
ltw,61119,Wald am Schoberpaß,Nein,wahleinfluss,0.017208413001912046,0.018556701030927835,7.835051546391747,9,9
ltw,61120,Trofaiach,Ja,wahleinfluss,0.00569771055630374,0.003274532586880744,-42.52897625243669,55,31
ltw,61203,Aigen im Ennstal,Nein,wahleinfluss,0.007115749525616698,0.00706880301602262,-0.6597549481621057,15,15
ltw,61204,Altaussee,Nein,wahleinfluss,0.010135135135135136,0.0099601593625498,-1.726427622841975,15,15
ltw,61205,Altenmarkt bei Sankt Gallen,Nein,wahleinfluss,0.0125,0.013293943870014771,6.3515509601181686,9,9
ltw,61206,Ardning,Nein,wahleinfluss,0.014955134596211365,0.01503006012024048,0.5010020040080221,15,15
ltw,61207,Bad Aussee,Nein,wahleinfluss,0.005465903175429464,0.005703422053231939,4.345464421510048,21,21
ltw,61213,Gröbming,Nein,wahleinfluss,0.0069605568445475635,0.00706547338671691,1.5073009891662714,15,15
ltw,61215,Grundlsee,Nein,wahleinfluss,0.01413760603204524,0.01452081316553727,2.710551790900295,15,15
ltw,61217,Haus,Nein,wahleinfluss,0.007808433107756377,0.007796257796257797,-0.15592515592515177,15,15
ltw,61222,Lassing,Nein,wahleinfluss,0.010533707865168539,0.010744985673352435,2.005730659025784,15,15
ltw,61236,Ramsau am Dachstein,Nein,wahleinfluss,0.007204610951008645,0.007183908045977011,-0.2873563218390829,15,15
ltw,61243,Selzthal,Nein,wahleinfluss,0.010402219140083218,0.011286681715575621,8.502633559066975,15,15
ltw,61247,Trieben,Nein,wahleinfluss,0.007159904534606206,0.007611453425154041,6.30663283798476,21,21
ltw,61251,Wildalpen,Nein,wahleinfluss,0.01935483870967742,0.02127659574468085,9.92907801418439,9,9
ltw,61252,Wörschach,Nein,wahleinfluss,0.016181229773462782,0.016648168701442843,2.8856825749167703,15,15
ltw,61253,Admont,Ja,wahleinfluss,0.011442193087008343,0.005119453924914676,-55.25810580204777,48,21
ltw,61254,Aich,Ja,wahleinfluss,0.019758507135016465,0.015957446808510637,-19.237588652482273,18,15
ltw,61255,Bad Mitterndorf,Ja,wahleinfluss,0.01179245283018868,0.0055074744295830055,-53.29661683713611,45,21
ltw,61256,Gaishorn am See,Ja,wahleinfluss,0.020390824129141887,0.013380909901873328,-34.377787689562886,24,15
ltw,61257,Irdning-Donnersbachtal,Ja,wahleinfluss,0.01145374449339207,0.006238859180035651,-45.529960235842594,39,21
ltw,61258,Landl,Ja,wahleinfluss,0.01596351197263398,0.006055712555510699,-62.065286348693704,42,15
ltw,61259,Liezen,Ja,wahleinfluss,0.006430868167202572,0.00410913872452334,-36.10289283366207,40,25
ltw,61260,Michaelerberg-Pruggern,Ja,wahleinfluss,0.02,0.017084282460136675,-14.578587699316625,18,15
ltw,61261,Mitterberg-Sankt Martin,Ja,wahleinfluss,0.016194331983805668,0.009868421052631578,-39.0625,24,15
ltw,61262,Öblarn,Ja,wahleinfluss,0.015199493350221659,0.00964630225080386,-36.5353697749196,24,15
ltw,61263,Rottenmann,Ja,wahleinfluss,0.007962529274004685,0.006024096385542169,-24.344436569808646,34,25
ltw,61264,Sankt Gallen,Ja,wahleinfluss,0.015209125475285171,0.009778357235984355,-35.70730117340286,24,15
ltw,61265,Schladming,Ja,wahleinfluss,0.008768511301636788,0.004928050463236744,-43.798322272597844,45,25
ltw,61266,Sölk,Ja,wahleinfluss,0.02141157811260904,0.011914217633042097,-44.35619098049598,27,15
ltw,61267,Stainach-Pürgg,Ja,wahleinfluss,0.01052170100832968,0.00684931506849315,-34.90296803652969,24,15
ltw,61410,Mühlen,Nein,wahleinfluss,0.01125,0.011780104712041885,4.712041884816753,9,9
ltw,61413,Niederwölz,Nein,wahleinfluss,0.016917293233082706,0.018633540372670808,10.144927536231885,9,9
ltw,61425,Sankt Peter am Kammersberg,Nein,wahleinfluss,0.008665511265164644,0.008849557522123894,2.123893805309729,15,15
ltw,61428,Schöder,Nein,wahleinfluss,0.01726121979286536,0.011152416356877323,-35.3903345724907,15,9
ltw,61437,Krakau,Ja,wahleinfluss,0.02158273381294964,0.012185215272136474,-43.54183590576768,27,15
ltw,61438,Murau,Ja,wahleinfluss,0.015204307887234716,0.0068359375,-55.03946940104167,48,21
ltw,61439,Neumarkt in der Steiermark,Ja,wahleinfluss,0.017107664233576642,0.0058823529411764705,-65.6156862745098,75,25
ltw,61440,Oberwölz,Ja,wahleinfluss,0.014024152707440592,0.00847457627118644,-39.57156308851224,36,21
ltw,61441,Ranten,Ja,wahleinfluss,0.024266936299292215,0.01524390243902439,-37.18241869918699,24,15
ltw,61442,Sankt Georgen am Kreischberg,Ja,wahleinfluss,0.015665796344647518,0.01028101439342015,-34.37285812200137,24,15
ltw,61443,Sankt Lambrecht,Ja,wahleinfluss,0.013636363636363636,0.009428032683846637,-30.86109365179133,24,15
ltw,61444,Scheifling,Ja,wahleinfluss,0.013377926421404682,0.008422234699606962,-37.04379562043796,24,15
ltw,61445,Stadl-Predlitz,Ja,wahleinfluss,0.011960132890365448,0.01050420168067227,-12.173202614379075,18,15
ltw,61446,Teufenbach-Katsch,Ja,wahleinfluss,0.015748031496062992,0.00981675392670157,-37.66361256544503,24,15
ltw,61611,Krottendorf-Gaisfeld,Nein,wahleinfluss,0.0074887668497254116,0.007403751233958539,-1.1352418558736366,15,15
ltw,61612,Ligist,Nein,wahleinfluss,0.007792207792207792,0.007737656595431098,-0.7000736919675732,21,21
ltw,61615,Mooskirchen,Nein,wahleinfluss,0.008782201405152224,0.00843644544431946,-3.937007874015741,15,15
ltw,61618,Rosental an der Kainach,Nein,wahleinfluss,0.010273972602739725,0.01059322033898305,3.1073446327683607,15,15
ltw,61621,Sankt Martin am Wöllmißberg,Nein,wahleinfluss,0.012622720897615708,0.013177159590043924,4.392386530014658,9,9
ltw,61624,Stallhofen,Nein,wahleinfluss,0.007939508506616257,0.008161678973960357,2.7982899339292544,21,21
ltw,61625,Voitsberg,Nein,wahleinfluss,0.003082234003205523,0.003184307731499172,3.3116800407591462,25,25
ltw,61626,Bärnbach,Ja,wahleinfluss,0.00729770336982185,0.005403068943159715,-25.96206409946732,34,25
ltw,61627,Edelschrott,Ja,wahleinfluss,0.015473887814313346,0.010087424344317418,-34.81002017484869,24,15
ltw,61628,Geistthal-Södingberg,Ja,wahleinfluss,0.01276595744680851,0.010917030567685589,-14.48326055312955,18,15
ltw,61629,Hirschegg-Pack,Ja,wahleinfluss,0.018292682926829267,0.016216216216216217,-11.351351351351347,18,15
ltw,61630,Kainach bei Voitsberg,Ja,wahleinfluss,0.018556701030927835,0.01060070671378092,-42.87396937573615,27,15
ltw,61631,Köflach,Ja,wahleinfluss,0.0038422420612498585,0.0036231884057971015,-5.701193520886605,34,31
ltw,61632,Maria Lankowitz,Ja,wahleinfluss,0.012905748924520923,0.0060508269463493344,-53.11525908540834,33,15
ltw,61633,Söding-Sankt Johann,Ja,wahleinfluss,0.00937207122774133,0.006367495451788963,-32.05882352941176,30,21
ltw,61701,Albersdorf-Prebuch,Nein,wahleinfluss,0.009702457956015523,0.009584664536741214,-1.2140575079872207,15,15
ltw,61708,Fischbach,Nein,wahleinfluss,0.011278195488721804,0.011737089201877934,4.068857589984343,15,15
ltw,61710,Floing,Nein,wahleinfluss,0.015,0.014940239043824702,-0.3984063745019806,15,15
ltw,61711,Gasen,Nein,wahleinfluss,0.01195219123505976,0.012048192771084338,0.8032128514056325,9,9
ltw,61716,Markt Hartmannsdorf,Nein,wahleinfluss,0.00641573994867408,0.00628140703517588,-2.0938023450586263,15,15
ltw,61719,Hofstätten an der Raab,Nein,wahleinfluss,0.009230769230769232,0.008902077151335312,-3.5608308605341255,15,15
ltw,61727,Ludersdorf-Wilfersdorf,Nein,wahleinfluss,0.009505703422053232,0.008576329331046312,-9.777015437392789,15,15
ltw,61728,Miesenbach bei Birkfeld,Nein,wahleinfluss,0.01487603305785124,0.015100671140939598,1.5100671140939603,9,9
ltw,61729,Mitterdorf an der Raab,Nein,wahleinfluss,0.009041591320072333,0.008896797153024912,-1.6014234875444733,15,15
ltw,61730,Mortantsch,Nein,wahleinfluss,0.009124087591240875,0.008766803039158387,-3.9158386908240694,15,15
ltw,61731,Naas,Nein,wahleinfluss,0.013134851138353765,0.013123359580052493,-0.08748906386701893,15,15
ltw,61740,Puch bei Weiz,Nein,wahleinfluss,0.00855188141391106,0.008695652173913044,1.6811594202898572,15,15
ltw,61741,Ratten,Nein,wahleinfluss,0.015197568389057751,0.015228426395939087,0.20304568527917954,15,15
ltw,61743,Rettenegg,Nein,wahleinfluss,0.013761467889908258,0.014173228346456693,2.9921259842519587,9,9
ltw,61744,Sankt Kathrein am Hauenstein,Nein,wahleinfluss,0.015625,0.016042780748663103,2.673796791443861,9,9
ltw,61745,Sankt Kathrein am Offenegg,Nein,wahleinfluss,0.01529051987767584,0.015889830508474576,3.919491525423724,15,15
ltw,61746,Sankt Margarethen an der Raab,Nein,wahleinfluss,0.006620428751576293,0.006457564575645757,-2.4600246002460024,21,21
ltw,61748,Sinabelkirchen,Nein,wahleinfluss,0.006614173228346456,0.006481481481481481,-2.0061728395061706,21,21
ltw,61750,Strallegg,Nein,wahleinfluss,0.009135200974421437,0.00949367088607595,3.924050632911391,15,15
ltw,61751,Thannhausen,Nein,wahleinfluss,0.007684426229508197,0.007808433107756377,1.6137428422696498,15,15
ltw,61756,Anger,Ja,wahleinfluss,0.013702540679417643,0.00612780857893201,-55.27976364166911,48,21
ltw,61757,Birkfeld,Ja,wahleinfluss,0.01443960577584231,0.005820721769499418,-59.689191935990536,63,25
ltw,61758,Fladnitz an der Teichalm,Ja,wahleinfluss,0.022327469553450607,0.010224948875255624,-54.204622916279355,33,15
ltw,61759,Gersdorf an der Feistritz,Ja,wahleinfluss,0.01747997086671522,0.010869565217391304,-37.81702898550725,24,15
ltw,61760,Gleisdorf,Ja,wahleinfluss,0.009229991149323555,0.0038004168199092803,-58.82534708402398,73,31
ltw,61761,Gutenberg-Stenzengreith,Ja,wahleinfluss,0.016227180527383367,0.0104675505931612,-35.493719469644105,24,15
ltw,61762,Ilztal,Ja,wahleinfluss,0.013613159387407828,0.008508224617129892,-37.5,24,15
ltw,61763,Passail,Ja,wahleinfluss,0.013411567476948869,0.005888951205832866,-56.09050757150869,48,21
ltw,61764,Pischelsdorf am Kulm,Ja,wahleinfluss,0.011178861788617886,0.00702576112412178,-37.15137321694699,33,21
ltw,61765,Sankt Ruprecht an der Raab,Ja,wahleinfluss,0.01190791214607039,0.005279034690799397,-55.66783978548684,45,21
ltw,61766,Weiz,Ja,wahleinfluss,0.0043677658877484165,0.0034371881583324096,-21.305577114979478,40,31
ltw,62007,Fohnsdorf,Nein,wahleinfluss,0.0037291169451073984,0.003849114703618168,3.217859892224806,25,25
ltw,62008,Gaal,Nein,wahleinfluss,0.012908777969018933,0.01327433628318584,2.831858407079646,15,15
ltw,62010,Hohentauern,Nein,wahleinfluss,0.022900763358778626,0.024390243902439025,6.50406504065042,9,9
ltw,62014,Kobenz,Nein,wahleinfluss,0.0101763907734057,0.009993337774816789,-1.7988007994670263,15,15
ltw,62021,Pusterwald,Nein,wahleinfluss,0.021897810218978103,0.022277227722772276,1.7326732673267342,9,9
ltw,62026,Sankt Georgen ob Judenburg,Nein,wahleinfluss,0.012345679012345678,0.012587412587412588,1.9580419580419672,9,9
ltw,62032,Sankt Peter ob Judenburg,Nein,wahleinfluss,0.015806111696522657,0.01662971175166297,5.210643015521055,15,15
ltw,62034,Seckau,Nein,wahleinfluss,0.014177693761814745,0.014111006585136407,-0.470366886171214,15,15
ltw,62036,Unzmarkt-Frauenburg,Nein,wahleinfluss,0.01272264631043257,0.013286093888396812,4.428697962798944,15,15
ltw,62038,Zeltweg,Nein,wahleinfluss,0.004273504273504274,0.0043448036148766075,1.6684045881126153,25,25
ltw,62039,Lobmingtal,Ja,wahleinfluss,0.016075016744809108,0.01020408163265306,-36.52210884353742,24,15
ltw,62040,Judenburg,Ja,wahleinfluss,0.004993032977241059,0.0037525723278053506,-24.84383049521004,43,31
ltw,62041,Knittelfeld,Ja,wahleinfluss,0.004580304689833715,0.003275916728310261,-28.47819195126098,46,31
ltw,62042,Obdach,Ja,wahleinfluss,0.014860681114551083,0.006560449859418931,-55.85363948766011,48,21
ltw,62043,Pöls-Oberkurzheim,Ja,wahleinfluss,0.008905380333951763,0.008145849495733127,-8.528898370830106,24,21
ltw,62044,Pölstal,Ja,wahleinfluss,0.01761744966442953,0.0064710957722174285,-63.26882780722298,42,15
ltw,62045,Sankt Marein-Feistritz,Ja,wahleinfluss,0.015717092337917484,0.009433962264150943,-39.97641509433962,24,15
ltw,62046,Sankt Margarethen bei Knittelfeld,Ja,wahleinfluss,0.014429383471797114,0.00663716814159292,-54.002413515687856,33,15
ltw,62047,Spielberg,Ja,wahleinfluss,0.007736063708759955,0.005686988171064604,-26.487314671091376,34,25
ltw,62048,Weißkirchen in Steiermark,Ja,wahleinfluss,0.013078227173649794,0.005168594634506522,-60.47939398911587,54,21
ltw,62105,Breitenau am Hochlantsch,Nein,wahleinfluss,0.009259259259259259,0.01002004008016032,8.21643286573146,15,15
ltw,62115,Krieglach,Nein,wahleinfluss,0.005676657584014532,0.005809900069718801,2.3471996281664076,25,25
ltw,62116,Langenwang,Nein,wahleinfluss,0.0062593144560357675,0.006321493076459964,0.9933774834437248,21,21
ltw,62125,Pernegg an der Mur,Nein,wahleinfluss,0.007462686567164179,0.007692307692307693,3.076923076923088,15,15
ltw,62128,Sankt Lorenzen im Mürztal,Nein,wahleinfluss,0.007497322384862549,0.007231404958677686,-3.546831955922858,21,21
ltw,62131,Spital am Semmering,Nein,wahleinfluss,0.010924981791697014,0.01160092807424594,6.187161639597827,15,15
ltw,62132,Stanz im Mürztal,Nein,wahleinfluss,0.009036144578313253,0.009535918626827717,5.530832803560082,15,15
ltw,62135,Turnau,Nein,wahleinfluss,0.011295180722891566,0.01166407465007776,3.265940902021769,15,15
ltw,62138,Aflenz,Ja,wahleinfluss,0.014258555133079848,0.007334963325183374,-48.55745721271394,30,15
ltw,62139,Bruck an der Mur,Ja,wahleinfluss,0.0040064719932198165,0.0024194177788183875,-39.61226278599259,52,31
ltw,62140,Kapfenberg,Ja,wahleinfluss,0.0025365315687896333,0.0017946046080815098,-29.249663983569175,46,31
ltw,62141,Kindberg,Ja,wahleinfluss,0.006819763395963813,0.003602824614497766,-47.17082682619092,49,25
ltw,62142,Mariazell,Ja,wahleinfluss,0.015029223490119677,0.006381039197812215,-57.54245585603835,54,21
ltw,62143,Mürzzuschlag,Ja,wahleinfluss,0.004584063637589322,0.0035582123541132936,-22.37864402806382,34,25
ltw,62144,Neuberg an der Mürz,Ja,wahleinfluss,0.01828471919895516,0.006934812760055479,-62.07317878607754,42,15
ltw,62145,Sankt Barbara im Mürztal,Ja,wahleinfluss,0.00723589001447178,0.00432152117545376,-40.27657735522904,45,25
ltw,62146,Sankt Marein im Mürztal,Ja,wahleinfluss,0.010899182561307902,0.007045561296383279,-35.35697510568342,24,15
ltw,62147,Thörl,Ja,wahleinfluss,0.01544943820224719,0.007451564828614009,-51.76805310933478,33,15
ltw,62148,Tragöß-Sankt Katharein,Ja,wahleinfluss,0.01692047377326565,0.008976660682226212,-46.94793536804308,30,15
ltw,62202,Bad Blumau,Nein,wahleinfluss,0.011746280344557557,0.01178318931657502,0.3142183817753219,15,15
ltw,62205,Buch-Sankt Magdalena,Ja,wahleinfluss,0.016666666666666666,0.008237232289950576,-50.57660626029654,30,15
ltw,62206,Burgau,Nein,wahleinfluss,0.01066350710900474,0.017045454545454544,59.848484848484816,9,15
ltw,62209,Ebersdorf,Nein,wahleinfluss,0.015120967741935484,0.014423076923076924,-4.61538461538461,15,15
ltw,62211,Friedberg,Nein,wahleinfluss,0.0068368277119416595,0.006957328385899814,1.7625231910946226,15,15
ltw,62214,Greinbach,Nein,wahleinfluss,0.01026694045174538,0.010224948875255624,-0.4089979550102152,15,15
ltw,62216,Großsteinbach,Nein,wahleinfluss,0.013927576601671309,0.014111006585136407,1.3170272812794037,15,15
ltw,62219,Hartberg,Nein,wahleinfluss,0.004731264193792582,0.004865706500583885,2.841572596340991,25,25
ltw,62220,Hartberg Umgebung,Nein,wahleinfluss,0.008870490833826138,0.008818342151675485,-0.5878894767783693,15,15
ltw,62226,Lafnitz,Nein,wahleinfluss,0.013513513513513514,0.013537906137184115,0.18050541516245744,15,15
ltw,62232,Ottendorf an der Rittschein,Nein,wahleinfluss,0.01194267515923567,0.011636927851047323,-2.560124127230423,15,15
ltw,62233,Pinggau,Nein,wahleinfluss,0.008190327613104524,0.008058326937835763,-1.6116653875671627,21,21
ltw,62235,Pöllauberg,Nein,wahleinfluss,0.008426966292134831,0.008576329331046312,1.772441395082902,15,15
ltw,62242,Sankt Jakob im Walde,Nein,wahleinfluss,0.01662971175166297,0.017045454545454544,2.499999999999991,15,15
ltw,62244,Sankt Johann in der Haide,Nein,wahleinfluss,0.009375,0.008670520231213872,-7.514450867052025,15,15
ltw,62245,Sankt Lorenzen am Wechsel,Nein,wahleinfluss,0.011286681715575621,0.011618900077459334,2.9434546862896926,15,15
ltw,62247,Schäffern,Nein,wahleinfluss,0.012942191544434857,0.013309671694764862,2.839396628216506,15,15
ltw,62252,Söchau,Nein,wahleinfluss,0.01236603462489695,0.012417218543046357,0.41390728476820016,15,15
ltw,62256,Stubenberg,Nein,wahleinfluss,0.007633587786259542,0.007845188284518828,2.7719665271966454,15,15
ltw,62262,Wenigzell,Nein,wahleinfluss,0.012479201331114808,0.012798634812286689,2.5597269624573427,15,15
ltw,62264,Bad Waltersdorf,Ja,wahleinfluss,NA,0.0069697975439761035,NA,NA,21
ltw,62265,Dechantskirchen,Ja,wahleinfluss,NA,0.008797653958944282,NA,NA,15
ltw,62266,Feistritztal,Ja,wahleinfluss,0.02288911495422177,0.007455268389662028,-67.428760768721,45,15
ltw,62267,Fürstenfeld,Ja,wahleinfluss,0.00811568540652206,0.003659250585480094,-54.911379604002555,55,25
ltw,62268,Grafendorf bei Hartberg,Ja,wahleinfluss,0.00923432089265102,0.008161678973960357,-11.615818111154297,24,21
ltw,62269,Großwilfersdorf,Ja,wahleinfluss,0.014414414414414415,0.008960573476702509,-37.83602150537635,24,15
ltw,62270,Hartl,Ja,wahleinfluss,0.01507537688442211,0.008479366873940079,-43.75353306953082,27,15
ltw,62271,Ilz,Ja,wahleinfluss,0.009810333551340745,0.006958250497017893,-29.072233267064274,30,21
ltw,62272,Kaindorf,Ja,wahleinfluss,0.014745308310991957,0.006573181419807186,-55.42187873476217,33,15
ltw,62273,Loipersdorf bei Fürstenfeld,Ja,wahleinfluss,0.015315890236119975,0.009652509652509652,-36.97715572715573,24,15
ltw,62274,Neudau,Ja,wahleinfluss,NA,0.013876040703052728,NA,NA,15
ltw,62275,Pöllau,Ja,wahleinfluss,0.013424124513618676,0.004883766360617308,-63.61947957453194,69,25
ltw,62276,Rohr bei Hartberg,Ja,wahleinfluss,0.019753086419753086,0.012396694214876033,-37.24173553719008,24,15
ltw,62277,Rohrbach an der Lafnitz,Ja,wahleinfluss,NA,0.006564551422319475,NA,NA,15
ltw,62278,Vorau,Ja,wahleinfluss,0.015422276621787025,0.005186465794023216,-66.37029719272249,63,21
ltw,62279,Waldbach-Mönichwald,Ja,wahleinfluss,0.013284132841328414,0.01152073732718894,-13.274449564772151,18,15
ltw,62311,Edelsbach bei Feldbach,Nein,wahleinfluss,0.013799448022079117,0.013761467889908258,-0.2752293577981568,15,15
ltw,62314,Eichkögl,Nein,wahleinfluss,0.014970059880239521,0.014605647517039922,-2.434274586173324,15,15
ltw,62326,Halbenrain,Nein,wahleinfluss,0.00985545335085414,0.010252904989747095,4.032809295967188,15,15
ltw,62330,Jagerberg,Nein,wahleinfluss,0.010496850944716585,0.010901162790697675,3.851744186046524,15,15
ltw,62332,Kapfenstein,Nein,wahleinfluss,0.01098901098901099,0.011432926829268292,4.039634146341453,15,15
ltw,62335,Klöch,Nein,wahleinfluss,0.014591439688715954,0.014577259475218658,-0.09718172983479434,15,15
ltw,62343,Mettersdorf am Saßbach,Nein,wahleinfluss,0.013537906137184115,0.01403180542563143,3.648269410664162,15,15
ltw,62347,Murfeld,Nein,wahleinfluss,0.010783608914450037,0.010877447425670777,0.870195794053652,15,15
ltw,62368,Tieschen,Nein,wahleinfluss,0.012875536480686695,0.013711151736745886,6.489945155393051,15,15
ltw,62372,Unterlamm,Nein,wahleinfluss,0.013863216266173753,0.014299332697807437,3.1458531935176337,15,15
ltw,62375,Bad Gleichenberg,Ja,wahleinfluss,0.012634534394010294,0.005804504295333178,-54.058423410640735,54,25
ltw,62376,Bad Radkersburg,Ja,wahleinfluss,0.011380880121396054,0.008248232521602514,-27.525530243519235,30,21
ltw,62377,Deutsch Goritz,Ja,wahleinfluss,0.015315890236119975,0.00967741935483871,-36.814516129032256,24,15
ltw,62378,Fehring,Ja,wahleinfluss,0.01131333005410723,0.004117259552042161,-63.60700578564473,69,25
ltw,62379,Feldbach,Ja,wahleinfluss,0.009009009009009009,0.0030164444876909606,-66.51746618663033,93,31
ltw,62380,Gnas,Ja,wahleinfluss,0.017600647380133522,0.004887585532746823,-72.23064909383041,87,25
ltw,62381,Kirchbach-Zerlach,Ja,wahleinfluss,0.010865628395508874,0.007692307692307693,-29.205128205128204,30,21
ltw,62382,Kirchberg an der Raab,Ja,wahleinfluss,0.012363850456284957,0.005809128630705394,-53.01521438450898,42,21
ltw,62383,Mureck,Ja,wahleinfluss,0.013056578506863073,0.007204116638078902,-44.82385538989313,39,21
ltw,62384,Paldau,Ja,wahleinfluss,0.011787819253438114,0.008193523214982443,-30.491611392898943,24,21
ltw,62385,Pirching am Traubenberg,Ja,wahleinfluss,0.015789473684210527,0.0071633237822349575,-54.63228271251194,33,15
ltw,62386,Riegersburg,Ja,wahleinfluss,0.011299435028248588,0.005094614264919942,-54.91266375545851,48,21
ltw,62387,Sankt Anna am Aigen,Ja,wahleinfluss,0.011379800853485065,0.007389162561576354,-35.06773399014779,24,15
ltw,62388,Sankt Peter am Ottersbach,Ja,wahleinfluss,0.012677679600461006,0.008190327613104524,-35.39568855481492,33,21
ltw,62389,Sankt Stefan im Rosental,Ja,wahleinfluss,0.009077155824508321,0.006336753168376584,-30.190102595051304,30,21
ltw,62390,Straden,Ja,wahleinfluss,0.013358778625954198,0.00676764421527554,-49.33934901708024,42,21
